feature;Variance;rMID_per_Score;FScore;Lasso_importance;Correlation
Sand;194.64093407198501;0.00922015686400357;32.10091652025179;0.00015996007984560458;-0.2567138161679563
Clay;146.02643479260135;0.04426838851169679;33.825182554636605;0.0011477794911059164;0.2630530181237916
Silt;73.42663627788498;0.0;1.0073301763757287;0.0;0.04700023291878668
scE_400;0.021241949700481613;0.025420913469484052;2.7906196646734216;0.0;0.0780758786435175
scE_408.5;0.02030303851481588;0.009286902814830356;1.952739020787058;0.0;0.06537120039817174
scE_417;0.019757910177136732;0.031192131466258655;1.4735409607119982;0.0;0.056816346263782444
scE_425.5;0.019273089795197648;0.044035833246492295;1.1110880390877174;0.0;0.04935588244764131
scE_434;0.018889803533141614;0.011698828926869353;0.8064650553509548;0.0;0.042063222037374226
scE_442.5;0.018670917844709364;0.0;0.5505338543617353;0.0;0.03476351924384758
scE_451;0.018485369180941454;0.0;0.34172097306086685;0.0;0.027394734443038787
scE_459.5;0.018319921786295896;0.0;0.21492033439188507;0.0;0.021728538189322466
scE_468;0.0182406256822201;0.0;0.16104080409527333;0.0;0.01880985398466636
scE_476.5;0.01825930129543384;0.0;0.17310419691332662;0.0;0.01950138708382081
scE_485;0.01845413470773595;0.0;0.26066577602690677;0.0;0.023928305379400706
scE_493.5;0.01887311361408439;0.0;0.44144373791379193;0.0;0.031133031173437135
scE_502;0.019455759882875578;0.0;0.7136530805053501;0.0;0.03957287035965803
scE_510.5;0.020176782039045153;0.0;1.0530406232660265;0.0;0.04805237801089541
scE_519;0.021026604181869513;0.0;1.442211209550121;0.0;0.05621102867820472
scE_527.5;0.02201270999244488;0.0;1.8876997232166317;0.0;0.06427790641341105
scE_536;0.023097051896851226;0.0;2.3706805587417215;0.0;0.07199500373812415
scE_544.5;0.0242545708491211;0.0;2.862261939243359;0.0;0.07906554394322977
scE_553;0.025443706154112823;0.0;3.366385530560164;0.0;0.0856989587495071
scE_561.5;0.026595523134799588;0.0;3.898353237584104;0.0;0.09216846290521534
scE_570;0.027652020417284654;0.0;4.434560464307666;0.0;0.09824567926581146
scE_578.5;0.02856015205324135;0.0;4.916474243265392;0.0;0.1033921106194234
scE_587;0.029160274378987345;0.0;5.288559092879641;0.0;0.10718983208372448
scE_595.5;0.02933777427610031;0.0022183846685308595;5.586623258953704;0.0;0.1101333963027228
scE_604;0.029535848434964564;0.0;5.943723288080727;0.0;0.11355475862796797
scE_612.5;0.029801268677893372;0.0;6.4305218344021124;0.0;0.11805107591409207
scE_621;0.03014824569923075;0.0;7.051287089497279;0.0;0.12353474024447093
scE_629.5;0.030610818710307266;0.0;7.825780647445914;0.0;0.1300334436928264
scE_638;0.031167220288364248;0.0;8.753649864956344;0.0;0.13738866874494046
scE_646.5;0.03143998320955305;0.008112274313373025;9.791442211626455;0.0;0.14514239026696135
scE_655;0.03159129082304672;0.0;10.885801116972194;0.0;0.15285880513265046
scE_663.5;0.03175023953836189;0.0;11.94295078841703;0.0;0.1599277803425132
scE_672;0.03191739338108883;0.0;12.777051024963518;0.0;0.1652706970318642
scE_680.5;0.032091181184630245;0.0;13.346290424117266;0.0;0.16880944546132626
scE_689;0.03227124618867605;0.01955435304315767;13.836866330798092;0.0;0.1717940014737536
scE_697.5;0.03244463516745908;0.009713274269441463;14.369538894370699;0.0;0.17497015052218406
scE_706;0.032601978648975835;0.012445025533303067;14.922048027681981;0.0;0.17819737645455389
scE_714.5;0.03274249862521436;0.014403291685295638;15.455715972669628;0.0;0.18125299408410805
scE_723;0.032869710023084954;0.01570510314523066;15.956093536247062;0.0;0.1840657888978748
scE_731.5;0.0329858852262982;0.016965930310230526;16.422117457999487;0.0;0.18664209469229134
scE_740;0.03309601326157795;0.03698174917766561;16.856095060178948;0.0;0.18900517754866986
scE_748.5;0.03320397893998128;0.04973930689780959;17.26021892872934;0.0;0.1911756026693301
scE_757;0.033310768332171115;0.034332011516776895;17.63843383896749;0.0;0.19318148177038444
scE_765.5;0.03341244990539236;0.018785004883830503;18.002733319072544;0.0;0.1950910736935462
scE_774;0.033532848143959335;0.004268985071831377;18.360623462659426;0.0;0.19694621918117483
scE_782.5;0.03368193387242617;0.007574816287355457;18.709176134073516;0.0;0.19873366101902984
scE_791;0.03385103353331054;0.009919771124233367;19.053600636291417;0.0;0.20048173138758366
scE_799.5;0.03404007385106669;0.0032513082536045346;19.398846522732182;0.0;0.2022162914316597
scE_808;0.03423995359143863;0.0;19.751474011047918;0.0;0.20397014044169906
scE_816.5;0.034469221945817106;0.0;20.09990103717665;0.0;0.20568588496789766
scE_825;0.03457177431752617;0.0;20.448055635692914;0.0;0.20738362962560525
scE_833.5;0.034024158499105346;0.0;20.797408648408652;0.0;0.20907089408060708
scE_842;0.03348638924149616;0.0;21.145535164007946;0.0;0.210736363905315
scE_850.5;0.03295773363551427;0.0;21.488856380361238;0.0;0.2123636971123384
scE_859;0.032338127068500186;0.0;21.82308001133588;0.0;0.21393379149046013
scE_867.5;0.0317006920621719;0.0;22.14523279062693;0.0;0.21543429033178998
scE_876;0.031086544894812246;0.0;22.45319760468912;0.0;0.21685712516813288
scE_884.5;0.030497222982125306;0.0;22.74620846904705;0.0;0.2182005711509864
scE_893;0.029930326316119124;0.0;23.02388138938655;0.0;0.21946459741188962
scE_901.5;0.029385644092310967;0.0;23.287055544650837;0.0;0.22065459506731236
scE_910;0.0288681492131088;0.0030270039106086166;23.536077853809022;0.0;0.2217735268645575
scE_918.5;0.02837540639682659;0.0037138414753252746;23.77154809682651;0.0;0.22282533388123538
scE_927;0.027902905682167977;0.007777798076948006;24.000887266537994;0.0;0.22384401634045673
scE_935.5;0.027445565049509447;0.017226499507073;24.232305107283977;0.0;0.2248662726541884
scE_944;0.02699995496802876;0.006776487235339079;24.471050064444814;0.0;0.2259150208868656
scE_952.5;0.026577138177888645;0.00471542602902586;24.709611534407948;0.0;0.2269570870997489
scE_961;0.02617110252248015;0.00248472067382588;24.94884741153444;0.0;0.2279962830517284
scE_969.5;0.02578429343884514;0.0;25.15714208202066;0.0;0.22889639600019646
scE_978;0.025313908128472097;0.0;25.375209317802273;0.0;0.22983413114550244
scE_986.5;0.0248371476886305;0.0;25.617221570553195;0.0;0.23086938607679575
scE_995;0.02438560642483359;0.0;25.8710574121422;0.0;0.23194914210431866
scE_1003.5;0.023958843740305907;0.0;26.13368199372676;0.0;0.23305982744656184
scE_1012;0.023556531952151138;0.0;26.399477041076313;0.0;0.23417733258906784
scE_1020.5;0.02317815361947825;0.0;26.66584429459207;0.0;0.2352906903684899
scE_1029;0.022822169741928945;0.0;26.93045554358868;0.0;0.2363903064849839
scE_1037.5;0.02248834163318583;0.0;27.192212090178874;0.0;0.23747187077375062
scE_1046;0.022175099504410437;0.0;27.44855587861467;0.0;0.23852518687822252
scE_1054.5;0.0218806803251805;0.0;27.69688799114013;0.0;0.23954010627894795
scE_1063;0.021602966153574637;0.0;27.936846189296453;0.0;0.24051574803228704
scE_1071.5;0.021346131001926037;0.0;28.164145904151315;0.0;0.241435397301479
scE_1080;0.021111076781786583;0.0;28.366331053955008;0.0;0.24224977670205528
scE_1088.5;0.020890756786228603;0.0;28.559902959469426;0.0;0.24302627085195863
scE_1097;0.020758737085495995;0.0;28.616373941733595;0.0;0.24325221463967653
scE_1105.5;0.020604705839310684;0.0;28.71695597237446;0.0;0.243654000057382
scE_1114;0.020417393584011935;0.0;28.888394527750467;0.0;0.24433692289137854
scE_1122.5;0.020245648833816736;0.0;29.042657592774287;0.0;0.24494938812937855
scE_1131;0.02009055859453889;0.0;29.18569331602537;0.0;0.2455155652865891
scE_1139.5;0.01994225950321796;0.0;29.31709420329396;0.0;0.2460342463703785
scE_1148;0.019805483367851717;0.0;29.42868678149921;0.0;0.24647366033023396
scE_1156.5;0.019678933944794457;0.0;29.517437008095463;0.0;0.24682242616344896
scE_1165;0.019557332579933057;0.0;29.598672181180447;0.0;0.2471411165617678
scE_1173.5;0.019440346827849165;0.0;29.679447652886772;0.0;0.24745749085368893
scE_1182;0.019329825822846192;0.002596663609018446;29.757921466670187;0.0;0.24776436255148027
scE_1190.5;0.019220745652770953;0.012657545315103214;29.83499155820417;0.0;0.24806527899095562
scE_1199;0.0191179061365512;0.01104541659747671;29.90503591015819;0.0;0.24833836465815987
scE_1207.5;0.019018514082540672;0.015183954346043027;29.971707823784975;0.0;0.2485979501905748
scE_1216;0.018918726499363634;0.0007623462031585149;30.05073288376129;0.0;0.24890518953954757
scE_1224.5;0.01881460340522163;0.0;30.132846930954084;0.0;0.2492239313810809
scE_1233;0.018715324718610305;0.0;30.204020521678625;0.0;0.24949978912317833
scE_1241.5;0.018627617542589125;0.0;30.23330555162383;0.0;0.24961318133319207
scE_1250;0.018545864303600647;0.0;30.226238014090107;0.0;0.24958582165834453
scE_1258.5;0.018465639339982493;0.0;30.20883259596507;0.0;0.2495184260470991
scE_1267;0.018385865668305173;0.0;30.19376532758092;0.0;0.24946006538833232
scE_1275.5;0.01830304983209713;0.0;30.1930424103669;0.0;0.249457264849513
scE_1284;0.01821568786700501;0.0;30.226809188558672;0.0;0.24958803291568746
scE_1292.5;0.01812942394247724;0.0;30.260921962273226;0.0;0.2497200529143268
scE_1301;0.018047436587925052;0.0031354444847866425;30.28005466472125;0.0;0.2497940598104891
scE_1309.5;0.01797171555404621;0.015596655233637513;30.24670456982221;0.0;0.24966504086043556
scE_1318;0.017896907476353238;0.014544895892065313;30.21040050238668;0.0;0.24952449809003557
scE_1326.5;0.017825400463364945;0.01780757947920364;30.16437679273016;0.0;0.24934618384895715
scE_1335;0.017766162006801138;0.013609885191221416;30.076324710048247;0.0;0.249004584595064
scE_1343.5;0.017695098149762716;0.013627610428424308;30.08077758223137;0.0;0.24902187380176186
scE_1352;0.017602932757649528;0.02720436620101907;30.19856572535338;0.0;0.24947866083814885
scE_1360.5;0.017533719237575632;0.024967391346034873;30.130165057098974;0.0;0.24921352930302615
scE_1369;0.017474810838831033;0.016551085257911158;30.394434335046416;0.0;0.250235911954055
scE_1377.5;0.017271015662846372;0.01062630084349081;30.90168738856609;0.0;0.2521836311429815
scE_1386;0.01680835786002166;0.008331127222361179;31.735991421769977;0.0;0.2553461443300187
scE_1394.5;0.01671898293546831;0.0;31.985818720576884;0.0;0.2562834599347545
scE_1403;0.01699031581641456;0.0;32.425031864845714;0.0;0.257920754988659
scE_1411.5;0.017288255040816474;0.0;32.14916454553544;0.0;0.2568939430181721
scE_1420;0.0174092399379879;0.0;27.73021764352675;0.0;0.2396759163155742
scE_1428.5;0.017538780150280042;0.0;25.108326204908796;0.0;0.2286858336532463
scE_1437;0.01757948610319231;0.0;23.94637563772898;0.0;0.22360239442776808
scE_1445.5;0.017575410098621812;0.0;23.35470968071663;0.0;0.2209592613376849
scE_1454;0.017553990134122486;0.0;23.166969024119414;0.0;0.2201125589383411
scE_1462.5;0.01752195424107189;0.0;23.194207436944822;0.0;0.22023564619162506
scE_1471;0.017480497700593407;0.0;23.21768054948666;0.0;0.220341652087946
scE_1479.5;0.01743521805339053;0.0;23.169145405752985;0.0;0.22012239680209453
scE_1488;0.017390968845543635;0.0;23.110266513447794;0.0;0.21985606072652347
scE_1496.5;0.017345323272420516;0.0;23.060794871768923;0.0;0.2196319774421924
scE_1505;0.017301771520385815;0.0;22.991505026917817;0.0;0.21931766398219726
scE_1513.5;0.01726375660172604;0.0;22.905462929555508;0.0;0.21892660346736958
scE_1522;0.017227403876241217;0.0;22.868521623831313;0.0;0.21875844780105377
scE_1530.5;0.01719477969004046;0.0;22.802652785301508;0.0;0.21845822912659912
scE_1539;0.01716719493821357;0.0;22.6719890304614;0.0;0.21786121634268618
scE_1547.5;0.01714348078398742;0.0;22.557796937674205;0.0;0.21733785245030415
scE_1556;0.01711977809337249;0.0;22.49570186839152;0.0;0.21705262402080813
scE_1564.5;0.017095641168202853;0.0;22.422038936844675;0.0;0.21671367634767258
scE_1573;0.01707288685960326;0.0;22.323639731877588;0.0;0.21625991638856862
scE_1581.5;0.01705165833070286;0.0;22.21708142359907;0.0;0.21576724341410952
scE_1590;0.0170271381191502;0.0;22.115512649388055;0.0;0.21529638459345912
scE_1598.5;0.01700066656967456;0.0;22.01392121974479;0.0;0.2148241871152958
scE_1607;0.016976437396811747;0.0;21.893232501447272;0.0;0.2142616104444897
scE_1615.5;0.01695635428441407;0.0;21.761020489189765;0.0;0.21364329064864757
scE_1624;0.01693932524403895;0.0;21.611656644391395;0.0;0.21294218184714955
scE_1632.5;0.016921096030671323;0.0;21.42490373209808;0.0;0.212061687075532
scE_1641;0.016909386853379258;0.0;21.206487476128288;0.0;0.21102636414680026
scE_1649.5;0.016902681229570577;0.0;20.972794673591018;0.0;0.209911913409347
scE_1658;0.016900482987985313;0.0;20.73334188594679;0.0;0.20876267808031604
scE_1666.5;0.016899302921857384;0.0;20.47842121576774;0.0;0.20753092883549776
scE_1675;0.01689727439163912;0.0;20.175371246044993;0.0;0.20605530782909173
scE_1683.5;0.016897831707739404;0.0;19.85845517090314;0.0;0.204498742954673
scE_1692;0.016893781529875203;0.0;19.532351812724066;0.0;0.20288239166995262
scE_1700.5;0.016894931572494234;0.0;19.17057236065793;0.0;0.20107137181890203
scE_1709;0.016907996406009797;0.0;18.808479730644766;0.0;0.19923949496279644
scE_1717.5;0.01692929564272324;0.0;18.472829898074632;0.0;0.19752368740950432
scE_1726;0.016938086315863514;0.0;18.20066699157863;0.0;0.19611959050784417
scE_1734.5;0.016920463298427887;0.0;18.078490702114564;0.0;0.1954854704633113
scE_1743;0.016905192834819106;0.0;17.90047011783392;0.0;0.1945572171027805
scE_1751.5;0.016901830420206362;0.0042627593306465705;17.652846493899187;0.0;0.19325744496244548
scE_1760;0.016896349671217382;0.0008912947488775025;17.42669804038329;0.0;0.19206150897165428
scE_1768.5;0.01688213422153372;0.0;17.261009177071465;0.0;0.19117981909338438
scE_1777;0.016871824841368427;0.0;17.103561016503452;0.0;0.19033761911189537
scE_1785.5;0.01686289264575813;0.0;16.96051520493561;0.0;0.1895687240796826
scE_1794;0.01685542002026964;0.0017300197407688067;16.818350966997485;0.0;0.18880100049182447
scE_1802.5;0.016843142706922585;0.0009349928732360624;16.669726486877575;0.0;0.1879945398812796
scE_1811;0.016829368916006497;0.002672798866290016;16.532710277929848;0.0;0.18724753750322054
scE_1819.5;0.016823133307053404;0.005086632059783547;16.414966526302507;0.0;0.1866028693493662
scE_1828;0.016820925259594863;0.009690423189375075;16.292673759646984;0.0;0.18593058526175893
scE_1836.5;0.01682013946737916;0.012850579930666406;16.1965815154261;0.0;0.1854003779051755
scE_1845;0.016831808482574425;0.00780861983681147;16.054445226598308;0.0;0.18461292281395034
scE_1853.5;0.01686607421558111;0.004121184972889047;15.952517685798533;0.0;0.18404586136024514
scE_1862;0.0169330603228684;0.016141394110482654;16.00187728379803;0.0;0.18432071597351057
scE_1870.5;0.017105677987439238;0.016025730724211318;16.31618601452034;0.0;0.18606005570079956
scE_1879;0.01756712393696879;0.007456442776308858;16.71593060420002;0.0;0.18824567550063315
scE_1887.5;0.01873356507168641;0.0;17.172038413513118;0.0;0.19070443504291534
scE_1896;0.020715951788587417;0.01856627945040179;16.8851709503395;0.0;0.18916229135503831
scE_1904.5;0.022474533736323004;0.018910534865725914;14.421303778385548;0.0;0.1752753588429906
scE_1913;0.02240873625821826;0.009911201492045052;11.329743795099166;0.0;0.15587034121375062
scE_1921.5;0.02271734518704053;0.0;9.37292773574996;0.0;0.14207059123389182
scE_1930;0.023022453742588767;0.0;8.527316738218651;0.0;0.13563398780818142
scE_1938.5;0.023261302588919643;0.007242012956957478;8.34239941419863;0.0;0.13418206396497703
scE_1947;0.023193641562248103;0.025661720311541014;8.490220978265839;0.0;0.13534406282124883
scE_1955.5;0.02273812779563829;0.021549128283345986;8.779670986003776;0.0;0.13758885817777342
scE_1964;0.022299140846493766;0.03269842742125828;9.126676644387752;0.0;0.14022907406105029
scE_1972.5;0.02187367436383003;0.04135600887287083;9.489285779352903;0.0;0.14293181634588917
scE_1981;0.021469478532373402;0.03181669325566894;9.841311945853363;0.0;0.14550373445367729
scE_1989.5;0.021093111173233214;0.0;10.143678171719703;0.0;0.1476740445176727
scE_1998;0.020747772979473625;0.0;10.335994188620854;0.0;0.14903655552889486
scE_2006.5;0.02045370515009525;0.0;10.3942852204158;0.0;0.1494468590482102
scE_2015;0.020232993672439768;0.0;10.363205763900721;0.0;0.149228247703256
scE_2023.5;0.020082327552191026;0.0;10.281333659533916;0.0;0.1486506840031093
scE_2032;0.01997624440504014;0.0;10.197265459605747;0.0;0.14805507069549007
scE_2040.5;0.01989035311711834;0.0018759681116611304;10.140723610037327;0.0;0.14765300529239386
scE_2049;0.01979102763378438;0.005742487756495329;10.139556474188351;0.0;0.14764469330062374
scE_2057.5;0.01966828135338285;0.0011110364654807192;10.180054792746805;0.0;0.147932812797963
scE_2066;0.019534915504617414;0.006738277921520375;10.247218697329192;0.0;0.1484092976429971
scE_2074.5;0.019411964873126634;0.0;10.357544437892814;0.0;0.14918838858119218
scE_2083;0.019310079557248918;0.0;10.517726821198275;0.0;0.15031171555484962
scE_2091.5;0.019249265832039578;0.0;10.65413561337005;0.0;0.15126114308261907
scE_2100;0.019166080221482917;0.0;10.793086758711597;0.0;0.15222161132057058
scE_2108.5;0.019041123087993734;0.0;10.997063831733403;0.0;0.1536196540702337
scE_2117;0.018998372715499867;0.0;10.907150136733891;0.0;0.153005117902253
scE_2125.5;0.018905304830614682;0.0;10.82301139236926;0.0;0.15242759187148025
scE_2134;0.018706128677744873;0.0;10.927061859117623;0.0;0.15314144228182267
scE_2142.5;0.01843697920698125;0.0;11.294261986737935;0.0;0.155631998081714
scE_2151;0.01821258764836883;0.0;11.929905921866627;0.0;0.15984264748216873
scE_2159.5;0.0183137660736425;0.0;12.757442706547767;0.0;0.16514729325725228
scE_2168;0.018201669564035232;0.0;13.477810035068702;0.0;0.16961535004784342
scE_2176.5;0.018167591998437572;0.0;13.877564062220898;0.0;0.17203899400263212
scE_2185;0.01847900936935748;0.0;13.68941044227153;0.0;0.17090304546874283
scE_2193.5;0.018793022374727637;0.0;13.172718645947985;0.0;0.1677392344124121
scE_2202;0.019594564220669925;0.010737874151075744;13.908791072936502;0.02825182170524978;0.17222670954057162
scE_2210.5;0.01902288386723701;0.03479308433843453;12.70108976306548;0.0;0.1647920672245256
scE_2219;0.018697227031118865;0.019788561643464764;10.14090482633125;0.0;0.1476542958148289
scE_2227.5;0.018948792748735677;0.005988064339538024;8.695114011257127;0.0;0.136937180173949
scE_2236;0.019209304891510796;0.00788944701542249;7.712108464210701;0.0;0.1291014536156867
scE_2244.5;0.019571183309237076;0.02529629882810358;6.689831820768685;0.0;0.12037393147978594
scE_2253;0.019927902695227907;0.03307562082587667;6.002715759494575;0.0;0.11410959071551297
scE_2261.5;0.020277401677085465;0.02286673262377592;5.342506826422512;0.0;0.10772884501358422
scE_2270;0.020480855611915677;0.009005311179686615;5.107116633257643;0.0;0.10535579115213828
scE_2278.5;0.020496089156276286;0.02249254619027763;5.52155520819025;0.0;0.10949788436017059
scE_2287;0.0205432287922116;0.008400854779456957;5.802048110290961;0.0;0.11221049093319899
scE_2295.5;0.020649687046813567;0.0011051836758233513;5.851208738372651;0.0;0.11267885633257001
scE_2304;0.020840737006933868;0.0;5.834833378241397;0.0;0.11252307187658439
scE_2312.5;0.020997829392266427;0.0;6.15368425285145;0.0;0.11551669714026562
scE_2321;0.021192450518647713;0.0;6.809044604902496;0.0;0.12142605133742387
scE_2329.5;0.021629599102706978;0.0;7.207105052789187;0.0;0.12487115181057433
scE_2338;0.02191751377012135;0.0;7.3962398992381235;0.0;0.12647315356302194
scE_2346.5;0.021608344074625883;0.0031011927444999365;7.456295461826294;0.0;0.12697733460857213
scE_2355;0.021182306128460508;0.0;7.448625036250321;0.0;0.12691305837787362
scE_2363.5;0.020751726531535387;0.0;7.352123099401813;0.0;0.12610141413178855
scE_2372;0.02039960413543357;0.0;7.572030592724882;0.0;0.12794298979153207
scE_2380.5;0.02016321205382142;0.0;7.8013528685061795;0.0;0.1298337649957852
scE_2389;0.01993417069805431;0.0;7.670322449004965;0.009052881519752592;0.12875704151365094
scE_2397.5;0.0197108190961309;0.002364625763334516;7.525280840530683;0.0;0.1275538637388646
scE_2406;0.019505207309012822;0.0;7.622370517543011;0.0;0.12836059247793263
scE_2414.5;0.01929030698256272;0.0;7.867452328839591;0.0;0.13037332397340184
scE_2423;0.019099323465093465;0.014344890490917805;8.027053877949847;0.0;0.13166638309874862
scE_2431.5;0.018968865669665106;0.020049905784579103;8.03598557740806;0.0;0.1317383447004118
scE_2440;0.01892445050304688;0.040102198960783486;7.778194281130307;0.0;0.12964415748251545
scE_2448.5;0.018933051839947226;0.03261635266468499;7.273457655694224;0.0;0.12543564815955116
scE_2457;0.018970895767958396;0.02858497289881967;6.666147415540608;0.0;0.1201637412936251
scE_2465.5;0.01907710637513498;0.053043636475365474;6.07445685075084;0.0;0.11478052161818833
scE_2474;0.019212927618515386;0.05426243230133032;5.643600771455757;0.0;0.11068674619905361
scE_2482.5;0.019364822272980392;0.04424294240728566;5.4337573261723335;0.0;0.10863419258901885
scE_2491;0.01948153106704199;0.02927802337351615;5.1895946488980575;0.0;0.10619359449043564
d1_400;0.022837952790713722;0.020063668344434404;0.9058843905368238;0.007273291811669572;-0.04457576337099126
d1_408.5;0.017971409099282444;0.0;16.323024835657357;0.0;-0.18609769439635196
d1_417;0.01935901101154788;0.030820012961055188;0.2569563902098928;0.0;0.023757537091520158
d1_425.5;0.020773563067613007;0.03143336562180066;7.275141069296813;0.0;-0.1254499346983648
d1_434;0.023002530352637756;0.006907551666447631;2.1306642611408018;0.0;-0.06827116805676875
d1_442.5;0.024520057722023935;0.013393474782638748;16.871545784336334;0.0;-0.18908868538829848
d1_451;0.024215440418094716;0.087169738771248;34.53080016236237;0.0;-0.2655909730977831
d1_459.5;0.02343022121853273;0.09404932545295797;27.405713514412227;0.0;-0.23834954945510436
d1_468;0.020143528759823205;0.05016921712288891;2.775520865301946;0.0;-0.07786565936423862
d1_476.5;0.026247123705789164;0.0;11.609647335858863;0.0;0.1577366658996978
d1_485;0.03362924298844937;0.019377547576399312;21.940147002112106;0.0;0.2144805061828992
d1_493.5;0.03556282865110027;0.011107778460650586;24.468147106331358;0.0;0.22590230440034834
d1_502;0.0343426893104008;0.03722682495441543;25.750747523365877;0.0;0.23143814316109365
d1_510.5;0.032299607085165466;0.01866169971811127;25.51517569803836;0.0;0.2304335590323755
d1_519;0.03215988134571054;0.014508507547182692;25.25624435163528;0.0;0.2293231376038765
d1_527.5;0.033778289049547695;0.020925899810332105;25.944048538032842;0.0;0.2322584891623675
d1_536;0.032609182700480015;0.06836694747170258;26.112643966243354;0.0;0.23297109363231314
d1_544.5;0.029702982296978164;0.06858313603129584;26.995178986041584;0.0;0.23665830979726954
d1_553;0.029012335734964003;0.08663982812295412;32.11488535428192;0.0;0.25676598340591555
d1_561.5;0.0308617933274932;0.11571489039145666;41.428120529744525;0.0;0.28888129901962617
d1_570;0.03164409574494401;0.11747667907722947;48.04781721528751;0.0;0.30905245435335604
d1_578.5;0.03043219967027786;0.13758486837072192;43.917050868318896;0.0;0.29668966008158076
d1_587;0.03464966795782227;0.11260721547537234;31.688309430922033;0.0;0.25516674753185803
d1_595.5;0.03265815956695439;0.07993988642881789;31.958018762692443;0.0;0.2561793756114417
d1_604;0.03157887886084804;0.11923655080687601;53.117361482329954;0.0;0.3233227246035248
d1_612.5;0.03440921014613349;0.15692796689576305;72.91685655866367;0.0;0.3716474902101465
d1_621;0.033039454788085114;0.15397014324152902;88.41376268546206;0.0;0.40336166415345553
d1_629.5;0.030170169417065126;0.1732882511605247;88.08540642059192;0.0;0.4027336469473992
d1_638;0.03032857314864548;0.12660700427584448;87.06868901762768;0.0;0.40077797035031276
d1_646.5;0.029143496671097037;0.07176908698803786;87.892176902417;0.0;0.40236326058050853
d1_655;0.027210745044691783;0.1490360201439347;78.38003967429887;0.0;0.38334019533386277
d1_663.5;0.034951493037646594;0.06594913610190867;69.6407747943941;0.0;0.36433490171666155
d1_672;0.0253827746831588;0.06793931314644786;33.12205669388445;0.0;0.26049202500008284
d1_680.5;0.018575712967656935;0.051219711653697875;12.049659459256386;0.0;0.16062230605001837
d1_689;0.022367539896390825;0.07167349540800583;13.814190581459842;0.0;0.171657327651732
d1_697.5;0.02711912880967856;0.0010219706555441022;17.853637061044804;0.0;0.19431216204224103
d1_706;0.02689419483155355;0.030954276081171628;16.394046266526324;0.0;0.18648806024753406
d1_714.5;0.027894755131771806;0.0;12.72432247317378;0.0;0.16493861983751254
d1_723;0.02786087420535353;0.0;8.96532249519537;0.0;0.13900812877521448
d1_731.5;0.028321203602548823;0.0;5.734304291014555;0.0;0.11156169215142309
d1_740;0.02937499708344129;0.0;3.2139617891239745;0.0;0.0837502660912945
d1_748.5;0.031283069431636036;0.0;1.490893972353685;0.0;0.05714882691168017
d1_757;0.03277677447396497;0.0;0.5093423018693838;0.0;0.03343922696561972
d1_765.5;0.03194651260562988;0.0;0.09111197055792816;0.0;0.01414941690212146
d1_774;0.030909912604976702;0.0;0.002220361016373549;0.0;-0.0022090474210060356
d1_782.5;0.03038844544185063;0.0;0.11011748254572233;0.0;-0.015554995575944754
d1_791;0.030365872504256843;0.0;0.2651985895498774;0.0;-0.02413533761981645
d1_799.5;0.030432515691522322;0.0;0.35809211464536905;0.0;-0.028042766091456107
d1_808;0.030434115666192006;0.0;0.5520917033363284;0.0;-0.03481261024386961
d1_816.5;0.03063022645069127;0.0;0.8718600840521669;0.0;-0.04373226841400814
d1_825;0.03099465865842816;0.0;1.0736501169643544;0.0;-0.0485192296855533
d1_833.5;0.03141620212425664;0.0;1.2626301470398478;0.0;-0.05260543636119772
d1_842;0.03178358472991584;0.0;1.4728532537901093;0.0;-0.05680312930767148
d1_850.5;0.031704335402634266;0.0;1.6932893929606017;0.0;-0.060891024174586444
d1_859;0.03166014238076734;0.0026481508188380687;1.9334230076041443;0.0;-0.0650484538291388
d1_867.5;0.03158092418154285;0.0;2.183451686587294;0.0;-0.06910771638452676
d1_876;0.031429205983193;0.0;2.4258607243317467;0.0;-0.07282367215870432
d1_884.5;0.03128016976280215;0.007216571330939114;2.6703078052739238;0.0;-0.07638433354484503
d1_893;0.031122518006007068;0.0;2.8983158475700397;0.0;-0.07955881991147623
d1_901.5;0.030931353781034874;0.0;3.0637529630050606;0.0;-0.0817831640489345
d1_910;0.030660323336553767;0.0;3.197208216309922;0.0;-0.0835332234839198
d1_918.5;0.03041552900185598;0.0;3.25619700221156;0.0;-0.08429487340098445
d1_927;0.030271633479584937;0.0;3.204668294253761;0.0;-0.08362994035345775
d1_935.5;0.030277363211577306;0.0;3.0308037469661624;0.0;-0.08134513131006983
d1_944;0.02978674989320022;0.0;2.8530472541315026;0.0;-0.07893896500260768
d1_952.5;0.029466779429516754;0.0;2.561144224084233;0.0;-0.07481564922858079
d1_961;0.029039868525218834;0.0;2.4620453347101066;0.0;-0.07336188622637711
d1_969.5;0.027843930129921597;0.0;2.396540553569105;0.0;-0.07238456243217546
d1_978;0.027837296646001056;0.0;1.9477380695198696;0.0;-0.06528779639750842
d1_986.5;0.027427418206353277;0.0;1.5528432637620997;0.0;-0.05832010340327824
d1_995;0.02680403978687219;0.0;1.2508091092441622;0.0;-0.05235928337727797
d1_1003.5;0.02622496943051766;0.0;1.0034501937596034;0.0;-0.04690982861648981
d1_1012;0.02563254695496554;0.0;0.8211567322384691;0.0;-0.04244394953036159
d1_1020.5;0.02512191937707838;0.0;0.66481819421267;0.0;-0.03819695114013373
d1_1029;0.024578384591401554;0.0;0.5345210652618005;0.0;-0.03425482598326268
d1_1037.5;0.02404639682619693;0.0;0.42441837262095566;0.0;-0.03052733775196801
d1_1046;0.023634059982747185;0.0;0.35251081775964355;0.0;-0.027823538211432425
d1_1054.5;0.023283289997128465;0.0;0.3208598043931049;0.0;-0.026545987378130978
d1_1063;0.02307296435185775;0.0;0.2526300854971351;0.0;-0.023556800436247978
d1_1071.5;0.023191117768474802;0.0;0.3785459497189715;0.0;-0.02883188379263428
d1_1080;0.021520912455256187;0.0;3.020186588565533e-06;0.0;8.147252713658283e-05
d1_1088.5;0.028467327926713366;0.0006512395135969129;4.435776336309382;0.0;-0.09825901687072768
d1_1097;0.02962948560944331;0.01299033016665474;10.213267089525456;0.0;-0.1481686414611924
d1_1105.5;0.02463555355245632;0.025276447615920183;0.9218189744586531;0.0;-0.04496531428990589
d1_1114;0.02227165394421896;0.0008051528767976102;0.06929673376160872;0.0;-0.01234006976671658
d1_1122.5;0.02167546114089768;0.04688735775883357;0.29468318703834645;0.0;-0.025440836663835644
d1_1131;0.020995369175814196;0.030997420012905508;0.2828440382563852;0.0;-0.024924868276521996
d1_1139.5;0.0210539143150506;0.026213143850418508;0.4662032820593429;0.0;-0.03199334026113763
d1_1148;0.020914691878351176;0.0062694650908587946;0.6983527244156499;0.0;-0.03914701809001475
d1_1156.5;0.02055574586812009;0.0;0.7883030579182236;0.0;-0.04158771104552186
d1_1165;0.020700647726335297;0.0002378620454992486;0.7743049167078059;0.0;-0.0412174471528585
d1_1173.5;0.021689075842503618;0.0;0.8125640444527623;0.0;-0.04222169406779975
d1_1182;0.023034407945940586;0.0;0.859347280239986;0.0;-0.04341791071695802
d1_1190.5;0.02422260652324136;0.0;0.9138994730852819;0.0;-0.04477213422461242
d1_1199;0.025861049807551852;0.0;1.090587813526934;0.0;-0.04889953904827815
d1_1207.5;0.027178292770494304;0.0;1.0757695385293058;0.0;-0.0485669825257318
d1_1216;0.028254063975296843;9.54397745909219e-05;1.1707203070932077;0.0;-0.05065973021581831
d1_1224.5;0.028897884811641142;0.023105525704580465;1.5776487374116923;0.0;-0.05878247035138273
d1_1233;0.028975342011003748;0.027198822354018493;2.064119628895765;0.0;-0.06720148453146685
d1_1241.5;0.029598117630500704;8.908880486835358e-05;2.925624338989992;0.0;-0.0799303670061663
d1_1250;0.03018093317357554;0.008554446419164474;3.8549421294941797;0.0;-0.09165817896336391
d1_1258.5;0.030909138479976523;0.018503238615655615;4.60799064502919;0.0;-0.10012949113304982
d1_1267;0.03229437974614828;0.005218234806234179;5.339199367830001;0.0;-0.10769588015413033
d1_1275.5;0.03523510695689602;0.0;5.286603252380182;0.0;-0.10717023721187129
d1_1284;0.03574178259923743;0.0191386132153748;5.383274872012142;0.0;-0.10813430887711278
d1_1292.5;0.03403685516557946;0.028333773012584995;6.235030477483511;0.0;-0.11626745018462023
d1_1301;0.03347632383065879;0.015740212962701783;8.303383077654047;0.0;-0.1338735566595317
d1_1309.5;0.034706980705647844;0.03733382622903214;10.472008102594245;0.0;-0.14999203597482658
d1_1318;0.03314465707123647;0.0;10.662896543509813;0.0;-0.15132189806940696
d1_1326.5;0.032843222509861755;0.03193477218632346;14.439049676527832;0.0;-0.17537985181363752
d1_1335;0.031051790732284857;0.019417159772250336;14.805247998723079;0.0;-0.17752066306236536
d1_1343.5;0.0243398583152538;0.009178486603357516;4.658616121728293;0.0;-0.10067247831614966
d1_1352;0.027156591911932104;0.02570598640492694;10.407993429235498;0.0;-0.1495431710738497
d1_1360.5;0.02853153098534259;0.07266081830434024;8.824811049282628;0.0;-0.13793539392677434
d1_1369;0.032379352305565316;0.0;3.3037611394178943;0.0;-0.0849038941046108
d1_1377.5;0.02340722171672512;0.005969068417804646;0.7951752551315638;0.0;-0.041768277597304546
d1_1386;0.01987982045052399;0.0;0.671459849266649;0.0;-0.03838699447766979
d1_1394.5;0.01666734642238387;0.0;0.6395747270695034;0.0;-0.037465792902672816
d1_1403;0.023597539067674134;0.04737498102594806;0.0018952226131910828;0.0;-0.002040908394500181
d1_1411.5;0.022583422906596935;0.04277396286989976;8.226206964673548;0.0;-0.1332610574404515
d1_1420;0.02766753043516422;0.0;7.863359486906958;0.0;-0.1303399841172122
d1_1428.5;0.02350139354914516;0.10470683627638344;40.580388507426605;0.0;-0.28615480603123483
d1_1437;0.022629416421773123;0.09539480438564896;50.778926381054646;0.0;-0.31685560361966963
d1_1445.5;0.0265084349198767;0.14968006123661715;40.190529319109494;0.0;-0.2848890112660904
d1_1454;0.027035805744108632;0.042134971657614706;3.9580342412887037;0.0;-0.09286526131205335
d1_1462.5;0.022104419707911212;0.043372959610523676;0.05400623846112326;0.0;-0.010894078333979491
d1_1471;0.020619726236690714;0.0;0.5682519360296164;0.0;-0.035317807617358664
d1_1479.5;0.020488594568003646;0.0;1.5260995625995064;0.0;-0.05781740937788177
d1_1488;0.02165686600873968;0.0;1.3790651228662;0.0;-0.054970480144837984
d1_1496.5;0.023183439429776125;0.001648073796689964;1.3608675134998778;0.0;-0.05460767985968325
d1_1505;0.024915069200375527;0.002345846315010558;2.506789839252258;0.0;-0.07402189361681823
d1_1513.5;0.02566285458573134;0.003228671812272488;2.2211879914452513;0.0;-0.06969947142090901
d1_1522;0.02712628628481107;0.0;1.940605723625333;0.0;-0.06516865794964516
d1_1530.5;0.02913967080330533;0.0;6.8381985622968315;0.0;-0.1216818848831571
d1_1539;0.03016529036273913;0.0;11.355852357261753;0.0;-0.15604546551690276
d1_1547.5;0.029860556454337925;0.034066207130047044;7.742473474988621;0.0;-0.12935111636752988
d1_1556;0.03285302130305328;0.030071661965215046;6.325367011025573;0.0;-0.11709522802778655
d1_1564.5;0.032050987823362555;0.0511642970005175;10.339618654862289;0.0;-0.14906210363767092
d1_1573;0.031728661873724966;0.02448346145230662;13.61563186284265;0.0;-0.17045530201455636
d1_1581.5;0.03205926764996784;0.055883645909197366;14.542277839810646;0.0;-0.17598630286808523
d1_1590;0.032689753746616965;0.06469708878634561;14.690556209717556;0.0;-0.17685331530157572
d1_1598.5;0.03438933641646877;0.04673354800553087;18.154946261508105;0.0;-0.19588256921595407
d1_1607;0.034382975400538245;0.054238779165119766;23.41669182240914;0.0;-0.22123794121232995
d1_1615.5;0.03345128037484426;0.037048706844319046;27.878845841683248;0.0;-0.24028037727084212
d1_1624;0.03474426028728363;0.03266223090402942;37.22816530505169;0.0;-0.2750125966185955
d1_1632.5;0.03663441633462511;0.09781511422108391;51.80325102358323;0.0;-0.3197119076032333
d1_1641;0.03108681805691478;0.1087515880934351;63.71333080657821;0.0;-0.3504704854768679
d1_1649.5;0.026761595883389232;0.07824677535050428;67.68084435348207;0.0;-0.35984427040562855
d1_1658;0.02918089528435952;0.20450340985782134;64.02772893645057;0.0;-0.35122770712745627
d1_1666.5;0.029738617771700615;0.09155727962182691;64.77422281300605;0.0;-0.35301546912148374
d1_1675;0.02971768270239012;0.1124773721135175;69.28585976167355;0.0;-0.3635283061350101
d1_1683.5;0.031178741632688623;0.12389131365161754;71.8287659627507;0.0;-0.3692448633324216
d1_1692;0.03116519387926308;0.12392218655980303;79.70545378932806;0.0;-0.3860883635524912
d1_1700.5;0.024735541362087946;0.09467201304328077;78.39533495147174;0.0;-0.3833720997167033
d1_1709;0.020372140250605405;0.08031767084217689;65.24609830057582;0.0;-0.3541382665385596
d1_1717.5;0.018817342845257948;0.10743992431034677;62.4723517089747;0.0;-0.3474564292032224
d1_1726;0.02370420205176362;0.09261268045334647;44.420609318444825;0.0;-0.29823528566790786
d1_1734.5;0.02628590992910571;0.0;25.863107666768883;0.06461602049943202;-0.23191541932787402
d1_1743;0.024374725975449537;0.05889472140172103;52.80831735633654;0.05126717577781708;-0.3224788674534147
d1_1751.5;0.023194547221497476;0.08170542822940563;54.159782133768154;0.0;-0.32614551323853885
d1_1760;0.024162071958528316;0.03993298165904946;39.01238936592015;0.0;-0.2810168456773635
d1_1768.5;0.023999637925092455;0.013606917605026858;29.33240624845124;0.0;-0.24609459847934498
d1_1777;0.024914931130776603;0.05939878723452674;25.522667010679207;0.0;-0.23046558796216873
d1_1785.5;0.02652468928240637;0.03213106133891497;25.65609133438524;0.0;-0.23103512988430103
d1_1794;0.029805081751384424;0.004227260873446159;36.508229674203655;0.0;-0.27253983587338804
d1_1802.5;0.027312414563988575;0.030049299589713918;35.13552084032255;0.0;-0.2677411405411026
d1_1811;0.02801024594330125;0.046572220056931624;28.841449812048108;0.0;-0.24415015734996084
d1_1819.5;0.026919991304675636;0.05032993596949176;34.49434103833645;0.0;-0.2654606104354467
d1_1828;0.021475898159231083;0.04969760971400605;24.781740082099553;0.0;-0.22727100960720711
d1_1836.5;0.015206598025860914;0.10168800513606335;28.0340468110477;0.0;-0.24090955504200517
d1_1845;0.013169579924125383;0.0;12.710989322884355;0.0;-0.1648545316465142
d1_1853.5;0.014898749893374969;0.0;1.907350651783042;0.0;-0.06461021683583709
d1_1862;0.017445484163059077;0.06364127231989913;3.745167253639702e-05;0.0;0.00028689956681147093
d1_1870.5;0.017842331007842008;0.03420275713200027;0.084257975019411;0.0;0.013606912821127434
d1_1879;0.01795365297602212;0.0;0.24884208469999264;0.0;0.0233796222879891
d1_1887.5;0.01869564991795145;0.02184186465109983;0.5057671519638708;0.0;0.033321793597391604
d1_1896;0.019311053630329835;0.08151084448835588;0.3473034458757701;0.0;-0.027617423623840925
d1_1904.5;0.023255325111851268;0.06352764878527628;27.28562687032426;0.0;-0.23785638184850952
d1_1913;0.032123721123670346;0.1405152872123625;66.1415851463192;0.0;-0.35625374193468407
d1_1921.5;0.020791851621992975;0.17204554269517658;48.031693627757946;0.0;-0.3090055471840696
d1_1930;0.02108307495806678;0.05110765259890071;18.13084644676204;0.0;-0.19575749916256605
d1_1938.5;0.02136362922311421;0.10177550135309499;0.43095119198174153;0.0;-0.030761164496718344
d1_1947;0.026371328931332344;0.012306380350944224;1.0492348186460794;0.0;0.047965666262573585
d1_1955.5;0.0290987037421002;0.0;2.516597812605862;0.0;0.07416576494074979
d1_1964;0.029789423278732637;0.0;3.0286322718923193;0.0;0.08131617823696395
d1_1972.5;0.02832877706437598;0.0;2.6499934751385585;0.0;0.07609492127217314
d1_1981;0.027182549754579715;0.0;1.8450830769046807;0.0;0.06355116045209147
d1_1989.5;0.025866450753426973;0.0;0.7535883450521321;0.0;0.04066324546855157
d1_1998;0.024847824758458575;0.0;0.0051175471812762606;0.0;0.0033536890047765984
d1_2006.5;0.023972355969782175;0.0;0.5884933157499729;0.0;-0.03594052310422361
d1_2015;0.023048981570843875;0.0;2.1790348447450394;0.0;-0.06903811647944674
d1_2023.5;0.023691419684023225;0.0;3.645600849683329;0.0;-0.08915504884091859
d1_2032;0.022499823470700557;0.0;3.4704851770868;0.0;-0.08700403725344141
d1_2040.5;0.02251289442479007;0.0;1.6869346245466945;0.0;-0.060777080252102766
d1_2049;0.016927499132869353;0.0;0.2548482790782533;0.0;-0.02365993585430272
d1_2057.5;0.022888377001665936;0.0;0.03642499370050004;0.0;-0.008946984013112894
d1_2066;0.02758085790365281;0.005474570180632465;0.019851797453798614;0.0;0.0066051813413526015
d1_2074.5;0.02655416155574257;0.013886294906477303;0.7824051935817916;0.0;0.04143211318030249
d1_2083;0.026530180030197772;0.04452319203628097;1.6395334495042824;0.0;0.05992021829840448
d1_2091.5;0.019152197066893858;0.011721474595800974;0.8532281485700255;0.0;0.04326334252947406
d1_2100;0.026731600705174396;0.03540288067467401;1.6116368215022217;0.0;0.059410075317462466
d1_2108.5;0.024841145605068286;0.0;7.025851220870876e-05;0.0;-0.00039295583556295775
d1_2117;0.023819055819644268;0.08043594707928792;9.527732403486382;0.0;-0.14321514671034374
d1_2125.5;0.030732027150435257;0.0;0.6399809572450154;0.0;-0.037477672631910985
d1_2134;0.03224981148448506;0.007934665397470564;0.03942925700904787;0.0;0.00930860885442018
d1_2142.5;0.034967132278309394;0.007727517838808318;0.2538242130830452;0.0;0.02361237777557346
d1_2151;0.026331568309915145;0.0;0.8466039472162014;0.0;0.04309538676265069
d1_2159.5;0.021749041134098344;0.0;1.632500037502392;0.0;0.05979201517819701
d1_2168;0.01580486263681244;0.0;0.034592326992181545;0.0;0.008719020163478877
d1_2176.5;0.01983524639976341;0.040070622087923;0.00036573133580719596;0.0;-0.0008965514416589361
d1_2185;0.029159084294625635;0.017900353449061157;2.3251793320026644;0.0;-0.0713042917197567
d1_2193.5;0.03725556705925811;0.0335351203264449;0.4974091244415692;0.0;0.033045621052068014
d1_2202;0.03470110848344418;0.0;0.33329464125959374;0.0;0.027055119822272117
d1_2210.5;0.03949015003513997;0.012620778638142482;4.100745799748029;0.0;-0.0945099264599052
d1_2219;0.036709303379349405;0.0;6.359330874563747;0.0;-0.11740485503756731
d1_2227.5;0.012246313200229753;0.08071387645355355;36.266113120764196;0.0;-0.27170154117253953
d1_2236;0.012646147764570367;0.13080057970855252;46.04803806045671;0.0;-0.3031558007294502
d1_2244.5;0.017928604894418707;0.05244366863234973;32.29432009809478;0.0;-0.25743488522859104
d1_2253;0.018416044420093716;0.05408677741602208;29.796125365326322;0.0;-0.24791358543504938
d1_2261.5;0.021041045728217612;0.07850995013534101;31.62043162749608;0.0;-0.2549110883058689
d1_2270;0.024729039581642607;0.0008221312029572658;1.3723756830963396;0.0;0.05483739714393585
d1_2278.5;0.020333633127401943;0.03444919363711563;7.560313763609401;0.0;0.12784558224229797
d1_2287;0.03683972664190671;0.027255925819090976;0.8539407751923083;0.0;0.04328137196548837
d1_2295.5;0.028447849007934088;0.0450866774155978;0.0676939867386133;0.0;-0.012196551202436913
d1_2304;0.025090870059525636;0.0;0.640510062913045;0.0;0.03749314003621159
d1_2312.5;0.024220647608863298;0.049929967930592234;16.91453514755347;0.0;0.18932081109457213
d1_2321;0.01818140275629543;0.0;13.475034566267105;0.0;0.16959838719720388
d1_2329.5;0.016399000001155177;0.03524734719102263;3.1812191047815292;0.0;0.08332554238208001
d1_2338;0.02348000850624246;0.0360339395386573;2.3182174696858175;0.13945535970947265;0.07119800687520499
d1_2346.5;0.03044606396770766;0.08938637542561212;0.33914118076431937;0.0;0.027291208784385814
d1_2355;0.020208624373161635;0.0;0.1791036541547846;0.057070823800874325;-0.019836318147783475
d1_2363.5;0.027227442191690453;0.012388673288111107;0.607974837979225;0.0;0.036529787361697236
d1_2372;0.03903461932549324;0.09399531208129464;3.7745060042811267;0.0;0.09070483176495676
d1_2380.5;0.02188362151802247;0.04203539170563664;1.0064085421874032;0.0;0.04697877456757245
d1_2389;0.02677270751378315;0.029010533422586526;0.8269907061498245;0.0;-0.042594183328536345
d1_2397.5;0.022016601801933502;0.0;0.02680992237087058;0.0;0.007675899595830945
d1_2406;0.014995383513390043;0.006318954491961737;7.5423907020564815;0.0;0.127696426018502
d1_2414.5;0.015553640707969258;0.038558012096601146;7.737310120146988;0.0;0.12930869931142316
d1_2423;0.022689768685017042;0.04932594857077355;2.49686734926382;0.0;0.07387605106355193
d1_2431.5;0.02523064935748179;0.033999398753960186;0.09053695308467842;0.0;0.014104705895100156
d1_2440;0.027809426556784735;0.0029439788191232275;2.3411782345696137;0.0;-0.07154793204198245
d1_2448.5;0.03605405557892614;0.07513427891253688;15.698130018623276;0.0;-0.1826218442998297
d1_2457;0.024157987489096408;0.02491414967708261;7.617288734010136;0.0;-0.12831850154305918
d1_2465.5;0.021059890640156523;0.0;0.05366216478536231;0.0;0.01085932390981298
d1_2474;0.01696024488742882;0.0;0.01870087914003258;0.0;-0.006410861413705178
d1_2482.5;0.016419382711879423;0.021515621113288752;0.7167423612763536;0.0;-0.03965829550119143
d1_2491;0.0261334857110475;0.0184055470261546;0.025462399204526486;0.0;-0.007480520398961415
d2_400;0.01918999059425016;0.0671697613369191;3.66300248495413;0.02839602028767786;-0.0893658831916974
d2_408.5;0.016202851115208906;0.019464912028198;6.607704861911074;0.0;0.11964341309141249
d2_417;0.015470240715880655;0.009725838579390356;3.329486462777344;0.0;-0.08523142068464733
d2_425.5;0.02173278966209023;0.0;0.685884729101318;0.0;0.03879652063176523
d2_434;0.020602726058252446;0.03165172520788184;0.05252541695581014;0.03703572470037535;-0.010743702893346955
d2_442.5;0.027559654534752905;0.0;1.181514444139576;0.028407724600538194;-0.05089213567640254
d2_451;0.0261704903752214;0.062295739685291895;4.8585857630813996;0.0;0.10278808782897775
d2_459.5;0.028781137186647678;0.17280896242373878;58.80224027559511;0.0015024542117419686;0.3382976176353664
d2_468;0.02048055974123402;0.0777301605835321;53.50468482957432;0.0;0.3243757847640491
d2_476.5;0.03484593843982574;0.058261830091551836;33.94949231008398;0.0;0.2635024407348409
d2_485;0.03324863206343147;0.025562542369374608;26.624892376055488;0.0;0.23511994310851816
d2_493.5;0.024845626088078856;0.03922360019710425;22.650586609359525;0.06975811552902142;0.21776323983439136
d2_502;0.025006680088976368;0.02914049500665339;3.494678438657336;0.01375280420896082;0.08730446605263446
d2_510.5;0.026631379665356995;0.016393073484184395;0.09854905748978669;0.0;0.014715448803703369
d2_519;0.016202034563041475;0.14093596102228334;6.18450814260571;0.0;0.11580177804313992
d2_527.5;0.016531426562279978;0.06376273572530655;0.07142045910353677;0.015501557262997715;0.01252770557151249
d2_536;0.015272076950318998;0.0032717078028019486;4.7237148977928;0.0;-0.10136625113169372
d2_544.5;0.013631884603123255;0.0384195046549034;1.498337504583934;0.0;-0.057290844635662364
d2_553;0.018813199087866002;0.006101788285122645;0.2445889529712093;0.0;-0.023179070837722554
d2_561.5;0.025341632325956504;0.07542938097104024;3.3506582068702846;0.0;-0.08550000392602086
d2_570;0.020257312602769927;0.021472828181284154;18.60499694700044;0.0;-0.1982013752526556
d2_578.5;0.026764570773032643;0.09349655841815174;43.155540221910265;0.0;-0.2943308579768157
d2_587;0.02596163816118252;0.10298360320652566;33.9060384316058;0.0;-0.26334545315543145
d2_595.5;0.020933719679313255;0.06565811989906356;5.978865970274606;0.0;0.11388562284892868
d2_604;0.02326536611784455;0.12396149601041939;29.672324869494187;0.04865294987624455;0.24742961345984427
d2_612.5;0.025880655716009733;0.16711327177073132;39.013474650194915;0.0;0.28102044576555074
d2_621;0.021503570452665655;0.06484115288233339;18.180260524777943;0.0;0.19601384221250198
d2_629.5;0.016345313656652007;0.14155116680764213;14.271468024025056;0.0;0.17439026979647837
d2_638;0.018562121041894905;0.0;4.651754049462585;0.0;0.10059905736661066
d2_646.5;0.01736884912912413;0.05308308984245924;0.36290342222703664;0.0;-0.028230378960121
d2_655;0.023041452784187923;0.08100952377792181;81.49043150028746;0.14127004765165674;-0.3897376107592321
d2_663.5;0.01977934986228226;0.10557592161098084;24.422511656280346;0.0;-0.22570228265775005
d2_672;0.017977907203076553;0.1008278637610287;22.20697018296456;0.0;-0.21572042413780046
d2_680.5;0.013525876388572377;0.19846833451719448;78.040888391795;0.0;-0.38263160569877386
d2_689;0.018986626851454247;0.088229489374124;0.9801648941894266;0.0;0.046363540843062996
d2_697.5;0.016811684496039307;0.12976346511559544;0.11827487434367258;0.0;-0.016120707957454315
d2_706;0.01655299548402168;0.12321650679845098;14.739554058763563;0.00244075428709473;-0.1771387625820985
d2_714.5;0.02406672928636229;0.140813730497249;45.51115120340853;0.006052757845479494;-0.30154493051360093
d2_723;0.03341788800748355;0.10816008267260502;54.391697297415824;0.0;-0.3267686430132214
d2_731.5;0.026236529758621268;0.08700670606789895;48.57115821793857;0.0;-0.3105695020767439
d2_740;0.02146007886107477;0.10480391571043945;41.99710251095904;0.0;-0.2906917696410895
d2_748.5;0.018897883986610794;0.04911412995435516;33.96905881007623;0.0;-0.26357308978235877
d2_757;0.020922317444849008;0.03239704883584427;19.329484732960605;0.0;-0.2018692073659277
d2_765.5;0.022748540303871943;0.062387937845594266;15.519456682048665;0.0;-0.18161405827264612
d2_774;0.02322631641467913;0.0;17.72406987621733;0.0;-0.19363232882524625
d2_782.5;0.021403519103777323;0.009945769944758709;14.87091076938431;0.0;-0.1779014567363465
d2_791;0.02130244190977292;0.0376397267439712;6.755617705789226;0.0;-0.12095572773440788
d2_799.5;0.01872045963614083;0.07955024015236578;1.5321409508890913;0.0;-0.057931354257990536
d2_808;0.02694317337954864;0.0006069346299160117;12.10501956487199;0.0;-0.16098131872163843
d2_816.5;0.02459970868075399;0.012872480762646799;10.889643033391726;0.0;-0.15288514653574592
d2_825;0.020881602460220586;0.008766498347679175;8.862672168568343;0.0;-0.138225328185009
d2_833.5;0.019164037715630404;0.049731811244390745;11.29347572437927;0.0;-0.15562671195026972
d2_842;0.022116489840962247;0.0;9.805128476121373;0.0;-0.1452416548997017
d2_850.5;0.019548538995320754;0.028586026067281445;6.989528806734768;0.0;-0.12300078509093795
d2_859;0.01739946032189749;0.042673030755106645;4.2043359649751295;0.0;-0.09568540872984366
d2_867.5;0.01692370650424799;0.02928773956263564;1.9471901612572597;0.0;-0.06527865199966412
d2_876;0.018858602656204225;0.0;0.5537887835557658;0.0;-0.03486600966140859
d2_884.5;0.017852633406717274;0.040346519143369175;0.5389583157813151;0.0;-0.034396545384949774
d2_893;0.019644552964868014;0.043047842250823365;0.0029726114209136932;0.0;0.0025560065006793083
d2_901.5;0.0192007975927345;0.08455495778944044;0.4580901329456299;0.0;0.031714017269020386
d2_910;0.01797055532195003;0.0;0.5203100869514431;0.0;0.03379692982603211
d2_918.5;0.017972774404791315;0.02099553353007577;2.1261192593862837;0.0;0.06819865229047176
d2_927;0.0164688027255966;0.0432136014898723;3.87826625107308;0.0;0.09193271076754816
d2_935.5;0.012523413059793848;0.03627577489079625;3.3193483609403227;0.0;0.08510250050212224
d2_944;0.017556620079641008;0.009681044345159595;1.218541299691408;0.0;0.05168132753308913
d2_952.5;0.02460050183135634;0.026741910059694618;7.460948960619152;0.0;0.127016312862947
d2_961;0.022523404142193913;0.03441115936852457;0.2003889374137587;0.0;0.020981452925408945
d2_969.5;0.016606700653368146;0.07507463048179686;16.4020073462084;0.0;0.18653175969428798
d2_978;0.016311319480939772;0.0171453474939951;24.02876872068815;0.0;0.22396747844217624
d2_986.5;0.019385751212459706;0.044416537546551726;17.855414899819635;0.0;0.1943214711549261
d2_995;0.018701982442174723;0.06947904488830492;17.432280888182294;0.0;0.1920911360863881
d2_1003.5;0.018748115007471675;0.0130330862722019;10.07331285574874;0.0;0.1471720880421966
d2_1012;0.0181729341273494;0.03271191336893242;8.687286714561555;0.0;0.13687668648815543
d2_1020.5;0.01744935067355524;0.011164157829568477;6.691681564273192;0.0;0.12039033090114888
d2_1029;0.017643842705057006;0.044587467813377746;5.948118342484675;0.0;0.11359619303607861
d2_1037.5;0.01696859436978532;0.029684963952939736;4.193238038037512;0.0;0.09556019258210556
d2_1046;0.014948643447947848;0.0;1.6277287002142453;0.0;0.05970488556736042
d2_1054.5;0.011339950777053595;0.00777833297322017;0.5273535313563459;0.0;0.03402465254644215
d2_1063;0.021683182370950477;0.01622522431594753;2.6633091242810423;0.0;0.07628475227595732
d2_1071.5;0.030076739876655517;0.06095335065544383;0.2735710879742099;0.0;-0.024513136231236902
d2_1080;0.014643671781890851;0.05348381687000314;22.899386440683795;0.0;0.2188989541428283
d2_1088.5;0.012982087334796222;0.0878730942917576;28.990081160579486;0.0;-0.2447408617736606
d2_1097;0.013052574016440036;0.027096072166354013;28.510051206391875;0.0;0.24282659236506104
d2_1105.5;0.01310300024930542;0.10197848533169918;31.99767885119989;0.0;0.25632784833368827
d2_1114;0.012323329548662778;0.009773848727993695;14.095508621511867;0.0;-0.17334436899274638
d2_1122.5;0.020399218378794316;0.002554754637432932;0.019758157545651796;0.0;-0.006589585455180316
d2_1131;0.02285583202122443;0.0021265326497279524;0.4645091606637853;0.008944808378698287;-0.03193521695324737
d2_1139.5;0.028303947163156557;0.05696002458188554;6.683252996828542;0.0;-0.12031558588740694
d2_1148;0.019591666129996587;0.0;3.875914338636455;0.0;-0.09190506650346157
d2_1156.5;0.019142598272327047;0.02957113359369501;0.009356488115707164;0.0;-0.0045346760950407934
d2_1165;0.024996851649636748;0.06267972545116063;0.4588444410434998;0.0;0.03174009098082883
d2_1173.5;0.011426213336449349;0.015686005480387344;0.15481555061050484;0.0;-0.01844283665841448
d2_1182;0.01639809028285619;0.015798021833241194;0.17543948743274745;0.0;0.019632439365304764
d2_1190.5;0.012882116536517359;0.0;0.649180086533599;0.0;-0.037745683862760594
d2_1199;0.014036166391935905;0.0;1.1953448106791622;0.0;-0.05118835528568057
d2_1207.5;0.01298558249092664;0.000948264495866713;1.9806959999318188;0.0;0.06583547674925416
d2_1216;0.02343958960769891;0.015849802963369353;2.0336263876148175;0.0;-0.06670547897634475
d2_1224.5;0.01457541098748523;0.01263096987888046;1.5300638010196825;0.0;-0.05789220337259213
d2_1233;0.023129916673355802;0.0398602399804453;2.0237914290720767;0.0;-0.06654470003465283
d2_1241.5;0.016763877290554292;0.06836058654882216;9.540193428789344;0.0;-0.14330684732919866
d2_1250;0.017277387445578118;0.01454013088660755;5.017694892524421;0.0;-0.10443951737820394
d2_1258.5;0.02394780928221585;0.019791012046326717;2.1666453378607695;0.0;-0.06884250184055254
d2_1267;0.024449745152446543;0.03409325690259246;0.7189535707663745;0.0;-0.03971932659112061
d2_1275.5;0.022649012519869026;0.02870713991959173;0.01130993159549469;0.0;0.004985616778579157
d2_1284;0.029225965529140318;0.04228207802934536;4.91398074539842;0.0;-0.10336616871168743
d2_1292.5;0.020056329374300994;0.0030519058113229747;2.6738292471758585;0.0;-0.07643438843860767
d2_1301;0.024690881511089453;0.046000324353177025;2.230478803116696;0.0;-0.06984437957662919
d2_1309.5;0.02993550187589479;0.0;0.5244465012149164;0.0;-0.03393085096789981
d2_1318;0.029474498220047524;0.050556715513706774;1.434619809945393;0.0;-0.05606336007323635
d2_1326.5;0.017026079716835847;0.01534377412493848;4.549929242528461;0.0;-0.09950295298251048
d2_1335;0.026306313934610717;0.0;0.04150352261099325;0.0;0.009550299132170438
d2_1343.5;0.027636095832010103;0.0;0.12551735536378317;0.0;0.016606813073219893
d2_1352;0.022721127840104983;0.0192466776773923;4.62125459810249;0.0;-0.10027205046148428
d2_1360.5;0.03773168201178034;0.0;0.026864360491545666;0.0;0.0076836882233668295
d2_1369;0.029705566168906204;0.056651325451287704;2.7906007444534953;0.0;-0.0780756155817878
d2_1377.5;0.018603414951679855;0.010695726650707726;0.20583419654933738;0.0;0.021264484283772367
d2_1386;0.022093771956212194;0.0;0.01642589455493493;0.0;-0.006008291265255407
d2_1394.5;0.018505242451769172;0.00686105862732278;0.23427789834644352;0.0;0.022685490912377378
d2_1403;0.018738697802002352;0.0;0.17874391746077606;0.0;0.019816394954937665
d2_1411.5;0.037402227945927874;0.0;3.0410338723362655;0.0;-0.08148139123087307
d2_1420;0.03393267042580131;0.0;1.416927051142989;0.0;0.05571766072385934
d2_1428.5;0.02576030090963486;0.05572845087286504;7.401281529617054;0.0;0.12651556157629135
d2_1437;0.02058130891632031;0.041516466564039956;27.600026812036916;0.0;0.23914487664117695
d2_1445.5;0.012580696637078321;0.07943191776928238;44.12510860719283;0.0;0.2973296261695313
d2_1454;0.014727589467234155;0.0;36.93943591631232;0.0;0.2740244471501083
d2_1462.5;0.018459296799734043;0.012582494723309079;0.002324853307029323;0.0;0.0022604295167526598
d2_1471;0.010106729683665182;0.02626802147143703;7.017145093954049;0.0;-0.1232398559983678
d2_1479.5;0.010516395366341661;0.053924556101644594;0.5509360786674354;0.0;-0.03477620082093523
d2_1488;0.0148395256745083;0.0026773589003767917;1.7709542759797012;0.01880333585033334;0.0622664970797441
d2_1496.5;0.012430569509941444;0.015881493251378664;1.95261518859393;0.0;-0.06536913647793473
d2_1505;0.015912948401758505;0.021086340330448206;11.409925563112628;0.0;-0.15640747811096434
d2_1513.5;0.013169351744971811;0.016128208941637467;10.672920957325516;0.0;0.1513913823057972
d2_1522;0.020977282015752812;0.07717306031254045;19.030756962985564;0.0;-0.20036634261196648
d2_1530.5;0.014776077097197866;0.03520490117050601;39.38994147114823;0.0;-0.2822655357483524
d2_1539;0.0126754639879004;0.11074721585249359;3.3686923952111205;0.0;0.08572810122408521
d2_1547.5;0.012656996303942418;0.07590213106120647;9.953456182873174;0.0;0.1463127638773253
d2_1556;0.015099525698924997;0.04478518433667089;11.564756731528972;0.0;-0.15743898666247186
d2_1564.5;0.012612073397886352;0.033407772791526735;13.915553480736007;0.0;-0.1722673302990138
d2_1573;0.018001582079395645;0.034596542192169455;2.9374830339350773;0.0;-0.08009116060035588
d2_1581.5;0.019614710571551397;0.009751875589757653;1.5599875986125777;0.0;0.05845365191474463
d2_1590;0.025371426043108623;0.0;0.21332296519166932;0.0;-0.021647678217914836
d2_1598.5;0.02422579012089058;0.02172298566612252;25.427167865921813;0.019236451580767505;-0.2300568748007975
d2_1607;0.022795745334244884;0.04564101198180337;6.628358850749399;0.00847512093372539;-0.11982757376760192
d2_1615.5;0.016784485918029928;0.013337963316007784;12.999463010036246;0.02639711532588949;-0.16666332000374004
d2_1624;0.022205162612376796;0.08679324141983846;57.204836189570884;0.05971843237884307;-0.33419083527664917
d2_1632.5;0.021950572068428542;0.0;18.227743942716316;0.0;-0.1962598038751124
d2_1641;0.02703089497419358;0.030184007796032475;3.740908586741798;0.0;-0.09030354774421147
d2_1649.5;0.01649985378330601;0.030363416360248863;6.881931132353561;0.0004291213146608463;-0.12206458380722421
d2_1658;0.014698559308477622;0.09430250517342031;2.8925618849088717;0.0;-0.07948030686695017
d2_1666.5;0.02278624935923213;0.1416462650827044;53.779845066329734;0.0;-0.32512085172847444
d2_1675;0.016253997566242257;0.034312302521654736;19.099260119384137;0.0;-0.20071213610890978
d2_1683.5;0.023640777449960477;0.03997569307379489;2.6491101545503026;0.0547947110911598;-0.07608231130416002
d2_1692;0.022180578324244585;0.09278624267432489;19.195637132385706;0.0;-0.20119745774625397
d2_1700.5;0.031166500242796127;0.019731536097907565;0.11988155885713941;0.0;0.01622980444243397
d2_1709;0.030514823264052613;0.02260735012902515;22.022008581544707;0.0;0.2148618226061786
d2_1717.5;0.019352536912519227;0.06659146777271374;21.304999735447936;0.0;0.21149407075931817
d2_1726;0.0224298339090853;0.08008744615552388;33.46702886320481;0.0;0.26175256844039574
d2_1734.5;0.02416455481637594;0.14483507790839445;65.8621984638255;0.0;-0.3555958564812715
d2_1743;0.02060910400140539;0.03214579547076957;30.59935422453709;0.0;-0.2510250604345076
d2_1751.5;0.018198488422460423;0.04862821770004411;41.66403781688818;0.08767389543548103;0.2896338524418862
d2_1760;0.0207243779217265;0.007323662034929512;39.61997759252157;0.0;0.2830227106288773
d2_1768.5;0.023317906897472377;0.0422876241420993;0.8646439649528299;0.0;-0.043551257771230735
d2_1777;0.019292631216225355;0.007918230618799704;3.5461477076185948;0.0;0.08794008600618416
d2_1785.5;0.027747262728924898;0.024327475391569653;1.1756987660900113;0.0;0.05076705354220007
d2_1794;0.032830408923858315;0.06532338065713228;0.47191129687054273;0.0;0.03218839982299198
d2_1802.5;0.01880178045320349;0.08454379179855698;2.8384766347760904;0.04588005231185191;0.07873838774338003
d2_1811;0.01769866003929038;0.07450540832822883;5.349502914212444;0.0;0.10779853902025927
d2_1819.5;0.02477812079328638;0.04389086492508154;0.060325002333510826;0.0;0.01151368085984799
d2_1828;0.029275259911901583;0.043768441960978066;0.4774214069715632;0.0;0.032375577023563605
d2_1836.5;0.020997099908792314;0.03448848679202099;0.5962746652247265;0.0;-0.03617704553294378
d2_1845;0.0188164481586269;0.029288717487669924;0.11413940206925276;0.0;0.015836442651646267
d2_1853.5;0.0224254025272037;0.0144102052505799;0.7384179166684186;0.0;0.04025254022398202
d2_1862;0.01842706007935461;0.01698370096596724;1.1030995780453163;0.0;0.04917856446510253
d2_1870.5;0.01895585989753813;0.016379260628996306;0.16986452471530003;0.0;0.01931810817595969
d2_1879;0.02103234852596339;0.0;1.3283694604769545;0.0;0.05395363463361673
d2_1887.5;0.01957043305699;0.0023958519522491173;0.006262396591940831;0.0;-0.003709894818145869
d2_1896;0.02604287777982763;0.036371010525305;30.85422246085767;0.03758251792646372;-0.25200218856626194
d2_1904.5;0.02037502670281557;0.061871571127416924;6.770446789439773;0.0;-0.12108646407127381
d2_1913;0.02325589441215789;0.04194396047604476;14.440230111194065;0.1273892525522069;0.1753868000652401
d2_1921.5;0.034889188853140386;0.11420769150310983;54.33070721605531;0.09797689887664975;0.326604939757782
d2_1930;0.031381822455682766;0.09777085243870909;45.147441124464436;0.0;0.30044677355616706
d2_1938.5;0.030759792331169735;0.08112007817059652;37.19662390756398;0.0;0.2749048782625721
d2_1947;0.022240415783015156;0.04657365142571779;31.766050339930487;0.06771469168774255;0.2554591540002478
d2_1955.5;0.011703956713108794;0.08650375973146751;26.978250401576474;0.0;0.23658824910222742
d2_1964;0.010939048535647651;0.0;0.8101096460972618;0.0;0.0421579927680922
d2_1972.5;0.01201489488875683;0.0;2.616769613041885;0.0;-0.07561914775526712
d2_1981;0.014936794080241756;0.09344758476399484;38.13748461185496;0.04738314010433802;-0.27809425359831264
d2_1989.5;0.021213857011890793;0.0425586448097417;41.92980520126903;0.0;-0.290478437223808
d2_1998;0.02266836520336685;0.038348366103903686;21.726349499161334;0.0;-0.2134807905291493
d2_2006.5;0.026328919058627297;0.0;5.282882791167099;0.0;-0.10713295287848464
d2_2015;0.023074163486201633;0.0;1.8724431373178496;0.0;-0.06401869795858416
d2_2023.5;0.022430620686340098;0.012701384660166681;0.4718942831144719;0.012609937777577275;0.03218782017685821
d2_2032;0.02441817270522445;0.043122649284939474;4.725436338039765;0.0;0.10138452983452344
d2_2040.5;0.019496738028659834;0.07741203323626733;4.965550967669711;0.0;0.10390132088610558
d2_2049;0.019731417303344937;0.014780029376768589;2.2249270263899077;0.0;0.06975782579694853
d2_2057.5;0.014868927470970364;0.011807693744416259;0.25085748127247215;0.0;0.023474056333628424
d2_2066;0.02240134962528549;0.017922050259692845;9.051505807806592;0.0;0.13966169999658978
d2_2074.5;0.017793592357332695;0.005032277968729293;2.978926485599913;0.0;0.08065051510070334
d2_2083;0.023032676874424552;0.001518516816940707;0.32943723541525;0.0;-0.02689821608341678
d2_2091.5;0.02258584216899567;0.033070064738445204;0.5401122320826144;0.0;-0.03443330379672822
d2_2100;0.021963929817679525;0.009386678686367667;1.4984656312928366;0.0;0.05729328608699021
d2_2108.5;0.03099300988874469;0.12295549533155592;10.6306835866542;0.0;-0.15109837731396036
d2_2117;0.036491643793277274;0.08661571718520733;0.0030306145605749108;0.0;-0.002580822926395758
d2_2125.5;0.03612735100766787;0.007159311840492677;0.8953003870525112;0.0;0.044315109675783976
d2_2134;0.03298854326427389;0.028443908363354087;0.8628967066485044;0.0;0.043507315063924974
d2_2142.5;0.02347982727751695;0.017968492290477034;1.061517458119682;0.0;0.048244949549614134
d2_2151;0.021156868005710264;0.0;0.557317964932341;0.0;0.03497679467521703
d2_2159.5;0.023883591463131983;0.0366789136281489;0.26696786660854055;0.0;-0.02421566639628174
d2_2168;0.02394925744732401;0.0;0.35492081049488206;0.0;-0.027918412208873405
d2_2176.5;0.018781200806819894;0.005404493210750427;0.015062663271009202;0.0;-0.00575357789147697
d2_2185;0.02231381739926282;0.0;3.707057469431098;0.0;-0.089897362135144
d2_2193.5;0.05313745040826367;0.0;3.0106017212457385;0.0;0.08107536029975548
d2_2202;0.0488491436606306;0.0;2.4239524306096096;0.0;-0.07279517514093409
d2_2210.5;0.03672819931693269;0.04918579444560223;3.4149123446633918;0.0;-0.08630985993145002
d2_2219;0.043224438721157436;0.0;2.0091362553353016;0.0;0.06630438546172844
d2_2227.5;0.0290123695873571;0.04919095305306964;1.6237176970354736;0.0;0.059631540547709645
d2_2236;0.017815219007035997;0.10229062227810193;4.566608865967865;0.0;-0.09968336147297582
d2_2244.5;0.014404887901520705;0.08158983963615318;39.25499803490752;0.0;0.28182008731620856
d2_2253;0.01231266691352918;0.023953422781403777;8.995594782595218;0.0;-0.1392380759118798
d2_2261.5;0.015365098501043527;0.0;20.176981410914674;0.0;0.20606318101176502
d2_2270;0.01372045189207204;0.08670269082460536;41.057993898767855;0.0;0.2876952136287736
d2_2278.5;0.01011451907629828;0.056532615402507425;18.41475890945288;0.0;-0.19722507146859117
d2_2287;0.010071144830014605;0.030002730664540955;28.667318132070314;0.0;-0.24345582028053583
d2_2295.5;0.02185613318638618;0.00048527533779729737;2.054916250411718;0.0;-0.06705217517229561
d2_2304;0.02134770309043865;0.006799378155748492;17.636697522803374;0.0;0.19317232803123766
d2_2312.5;0.021628935473197747;0.020167856665903372;6.045944266508707;0.0;0.11451436434396825
d2_2321;0.01950389546633803;0.05764714970286855;3.902523381705235;0.0;-0.09221732792353092
d2_2329.5;0.018771824410196782;0.004770048345257738;1.216509592415039;0.0;-0.05163833969496362
d2_2338;0.0417260895272564;0.015290952337870145;0.3387152455079608;0.0;-0.02727407832617085
d2_2346.5;0.02093540736482157;0.043384037985971347;0.2900453272553629;0.0;-0.025239971443071527
d2_2355;0.036838340986738174;0.0;1.668500986485619;0.0;-0.0604453233877133
d2_2363.5;0.03986920822922119;0.05299873738025962;6.936293981332338;0.0;0.12253854037609506
d2_2372;0.01716323453936741;0.03518272229903996;0.1280293994680132;0.0;0.016772123933711525
d2_2380.5;0.04615703178989938;0.006291890016231427;3.4433043712996088;0.0;-0.08666522919013124
d2_2389;0.028169402075133437;0.05211126636235219;6.4779577229215e-05;0.0;-0.00037732304055967833
d2_2397.5;0.03591672122170158;0.02944945846044078;7.745110167012169;0.0;0.12937277111242995
d2_2406;0.032211719808163175;0.04526998057925358;4.080286729816744;0.0;0.09427597212879014
d2_2414.5;0.0222510245398433;0.01156035927760124;1.639104092975147;0.0;-0.059912400079752216
d2_2423;0.025014061958692872;0.016266732138630502;1.0492691756529837;0.0;-0.04796644976293196
d2_2431.5;0.02211304552521575;0.027694249459324194;9.145191942777465;0.0;-0.14036844361187228
d2_2440;0.01907725623662983;0.10303372702173963;6.129014755257636;0.0;-0.11528800095270818
d2_2448.5;0.02070974497438581;0.04548631474634224;13.92238187419333;0.0;-0.1723083365181784
d2_2457;0.01779325461773267;0.0;1.4895775269211704;0.0;-0.05712367276748454
d2_2465.5;0.02317744622610012;0.0;5.722664315393889;0.0;0.11144981379676287
d2_2474;0.015580534638554579;0.0;0.18975278296355036;0.0;-0.020417277838662554
d2_2482.5;0.01629777197514916;0.0008353734344015429;0.17977925100175987;0.0;-0.01987368047000821
d2_2491;0.02259136864807908;0.0;0.6095221970036165;0.0;0.03657618175935962
fft_400;0.0045431764796307365;0.032032605282740434;18.066229715198173;0.0;0.19542170169367112
fft_408.5;0.00032882680044281245;0.0;0.006277834090527709;0.0;0.003714464590615897
fft_417;8.010826777027336e-05;0.0;0.5428496250200415;0.0;-0.0345203471101403
fft_425.5;2.728306413673527e-05;0.00689793056822019;6.059080775488772;0.0;-0.11463707096463414
fft_434;9.564877729832137e-06;0.07988322454892627;30.792425945554292;0.0;-0.25176571196741215
fft_442.5;4.343547603995519e-06;0.008148885553597385;15.920592817680335;0.0;-0.18386784097325024
fft_451;3.3515159072705082e-06;0.05241780771528948;15.604222939436307;0.0;-0.18209296320838797
fft_459.5;2.795769085402367e-06;0.0;9.938808987580456;0.0;-0.1462073725625889
fft_468;1.8941076100567284e-06;0.011020732244841014;14.88335614640916;0.0;-0.17797352654575668
fft_476.5;1.11647438560908e-06;0.007631513526650924;5.060459323755998;0.0;-0.10487875295903018
fft_485;1.373909480174592e-06;0.0;4.386632191074216;0.0;-0.09771841947888833
fft_493.5;7.825177923108886e-07;0.05783121372486688;2.1130483718628943;0.0;-0.06798966640259436
fft_502;5.919116894195683e-07;0.008377145666750074;0.006873300730844176;0.0;0.003886634438677385
fft_510.5;5.018615138678648e-07;0.07369701428556352;0.008397196634729945;0.0;-0.004295932567502846
fft_519;8.923862737351314e-07;0.0756152509022252;0.20850356072848342;0.0;-0.02140186177701327
fft_527.5;5.483101454574252e-07;0.03511292450517978;0.1163802829652405;0.0;-0.01599110485778809
fft_536;5.396517867600578e-07;0.010333820153378248;0.21792554399073377;0.0;0.02187985258915047
fft_544.5;4.950393760979793e-07;0.0;0.6442072253852905;0.0;0.03760104103496031
fft_553;4.0006813642008014e-07;0.0;0.0021386960734016696;0.0;-0.002168042627949994
fft_561.5;1.7378352962705206e-07;0.04103692104185397;2.765393479570739;0.0;0.07772433027066276
fft_570;2.293264718761021e-07;0.029110920937117424;4.1236762286168815;0.0;0.09477143028535029
fft_578.5;2.147488957049279e-07;0.0;0.005300078224546134;0.0;-0.003412973466629363
fft_587;3.076198969368253e-07;0.0;1.443346095165398;0.0;-0.05623307083747378
fft_595.5;2.3463902400861414e-07;0.011601424172452912;0.07806935222962971;0.0;0.013097769234654812
fft_604;1.9331982687737374e-07;0.0;0.6575685242951486;0.0;0.03798841853714735
fft_612.5;1.7206099221427482e-07;0.0;0.09398403838350429;0.0;0.01437065303271732
fft_621;1.0962472445365072e-07;0.0;0.6382112095119385;0.0;0.03742589069161758
fft_629.5;1.4735763089939064e-07;0.0;1.5936843877294489;0.0;0.05907941809613851
fft_638;1.015391439142081e-07;0.0;0.006090784639684469;0.0;0.0036587102475783297
fft_646.5;1.2295619464981125e-07;0.010049582169573856;2.063257832406886;0.0;-0.06718751766609216
fft_655;1.0139463922216419e-07;0.0;0.07745081638454011;0.0;-0.013045788746508118
fft_663.5;1.3580851336149408e-07;0.0;0.03212231938408753;0.0;-0.008401995021655388
fft_672;8.6357746606544e-08;0.0;1.0307534322461267;0.0;-0.047542315434440194
fft_680.5;1.0404964474311892e-07;0.022625615417934952;0.7870564909841156;0.0;-0.04155487292305233
fft_689;5.69122802011676e-08;0.0019997871023833547;0.8213455267798382;0.0;0.04244881966527017
fft_697.5;7.497522633674009e-08;0.0;0.00010969344377578525;0.0;0.0004910034966191959
fft_706;5.977003966169026e-08;0.0;0.3140537849467361;0.0;-0.026263130288749274
fft_714.5;1.120536325208137e-07;0.0;0.07830433915876642;0.0;-0.013117463027009954
fft_723;9.55405719240802e-08;0.0;0.10027584108048786;0.0;0.014843783359423948
fft_731.5;1.1679673722999832e-07;0.0;1.0431181249036943;0.0;-0.0478259706068196
fft_740;6.324022516614513e-08;0.012490704997754065;0.27039181169855503;0.0;-0.024370366711266526
fft_748.5;5.1983714127667875e-08;0.0;0.016626331935742776;0.0;0.0060448369411791455
fft_757;4.733358916587454e-08;0.0;0.13035896593743795;0.0;0.016923981838060067
fft_765.5;6.904036852189206e-08;0.0;1.0301906903539038;0.0;-0.047529365077285494
fft_774;6.72233927772154e-08;0.004886642456336965;0.14070797304155475;0.0;-0.017582738337879725
fft_782.5;9.465918738981625e-08;0.0;0.3412020155550979;0.0;-0.02737394051359749
fft_791;7.579403275801429e-08;0.032446739738113184;0.1396315263110807;0.0;-0.017515374031051356
fft_799.5;4.498251215334861e-08;0.0;0.12078917886505235;0.0;-0.016291110053636686
fft_808;3.8034822615056635e-08;0.0;1.8324562083331888;0.0;0.06333420547685055
fft_816.5;4.135358147365612e-08;0.0;0.937450235047169;0.0;0.045344172221744
fft_825;4.119507867821151e-08;0.0;0.12655534465133964;0.0;0.01667531925512209
fft_833.5;5.649608598412015e-08;0.033725288565731315;0.2513045169496836;0.0;-0.023494951230227216
fft_842;6.040339110739231e-08;0.03712130097216715;0.04827783135570401;0.0;-0.010300187704883145
fft_850.5;4.910205247395878e-08;0.0;0.8922537333340143;0.0;-0.04423979240811091
fft_859;3.483000999534786e-08;0.0;0.530147641900515;0.0;-0.03411456632421293
fft_867.5;3.138855634062462e-08;0.0;0.14323939262837895;0.0;0.01774014590183677
fft_876;3.2883811039101954e-08;0.0;0.6489439007786194;0.0;0.03773882667102717
fft_884.5;3.2073962243458955e-08;0.0;0.0007659047177260762;0.0;0.0012974221511928758
fft_893;3.783778384017418e-08;0.0;3.321489195681169e-05;0.0;-0.0002701846724257091
fft_901.5;4.792119781222673e-08;0.012277798541462381;0.031209588778013258;0.0;-0.008281775063359554
fft_910;4.346881498675786e-08;0.0;0.35484768050523396;0.0;-0.027915538064666588
fft_918.5;3.598977228343452e-08;0.007766768889984288;0.2850607391283564;0.0;-0.025022287136678322
fft_927;3.136195920614649e-08;0.0;0.004309468410566762;0.0;0.0030775427597848444
fft_935.5;2.858559400824655e-08;0.0;0.1448790459969318;0.0;0.01784136008154513
fft_944;2.7746117430020946e-08;0.0;0.003852168146388742;0.0;-0.0029096790099168443
fft_952.5;3.198698272199051e-08;0.0;0.004324992461401018;0.0;-0.0030830808591239506
fft_961;3.3407186051229084e-08;0.03169337574430786;0.05417575085028824;0.0;-0.010911159832234047
fft_969.5;3.050666502967541e-08;0.010889005608847757;0.04646843399202853;0.0;-0.01010534498202606
fft_978;3.4060013845916104e-08;0.0;0.11455983046550176;0.0;-0.015865574998801358
fft_986.5;2.2454910568771605e-08;0.0;0.21995415883786493;0.0;0.021981404774335588
fft_995;2.3017720567521278e-08;0.0;0.2289084955084841;0.0;0.022424152528444007
fft_1003.5;2.3973904345661893e-08;0.0;0.17980129410424778;0.0;0.019874898327770313
fft_1012;2.4885098864251793e-08;0.0;0.032348683449255386;0.0;-0.00843154513110359
fft_1020.5;2.3061840718906337e-08;0.0;5.03282209106819e-07;0.0;3.325830338458959e-05
fft_1029;3.488284686081934e-08;0.0;0.23420543056158777;0.0;-0.02268198386256846
fft_1037.5;2.5185041782451506e-08;0.00019562310550957918;0.18296483639803493;0.0;-0.02004891228074547
fft_1046;2.643516560149282e-08;0.06773535857941182;0.05607670723824284;0.0;-0.011100915405033081
fft_1054.5;1.9876507484238894e-08;0.0;0.18067696303614897;0.0;0.01992321778243306
fft_1063;2.2525949184079986e-08;0.0;0.0019353241197915495;0.0;-0.002062387333189048
fft_1071.5;1.8510960147520535e-08;0.0;0.07024118786495688;0.0;0.012423864484200568
fft_1080;2.5398260365383997e-08;0.0;0.00860151509465261;0.0;-0.004347881255139039
fft_1088.5;2.425233425526126e-08;0.0;0.06467858043434879;0.0;-0.011921850622801511
fft_1097;2.67053918579672e-08;0.03180137428504004;0.306664265060038;0.0;-0.025952522857815012
fft_1105.5;1.987804647379465e-08;0.0;4.608839096242138e-06;0.0;0.00010064450602163065
fft_1114;2.030631254266829e-08;0.0;0.005898502078672708;0.0;0.0036004961846730797
fft_1122.5;1.6826836330932986e-08;0.0;0.2629848780709823;0.0;0.024034451626859184
fft_1131;1.8083094182202628e-08;0.0;0.07575070018818399;0.0;0.012901834857829964
fft_1139.5;1.903885827274631e-08;0.0;0.04540159958212743;0.0;0.009988682573037892
fft_1148;2.2341461154316283e-08;0.0;0.09611893241449362;0.0;-0.014532920683900111
fft_1156.5;2.194680774072677e-08;0.0;0.14003206567099055;0.0;-0.017540470144964685
fft_1165;1.9571718118474592e-08;0.0;0.08412327029541702;0.0;-0.013596033675795404
fft_1173.5;1.7603560546541414e-08;0.0;0.03499989915428805;0.0;0.008770230248608206
fft_1182;1.627124402685092e-08;0.0;0.07779392197696318;0.0;0.013074648179588297
fft_1190.5;1.7118640805747725e-08;0.0;0.0783389142718754;0.0;0.013120358202822945
fft_1199;1.7556047655962104e-08;0.0;0.029554072861871915;0.0;0.008059143102148595
fft_1207.5;2.0240097632606632e-08;0.02671303672002523;0.017757952816578767;0.0;-0.0062471549177929905
fft_1216;1.8706699302485643e-08;0.0;0.06317113792923143;0.0;-0.011782121734091253
fft_1224.5;1.9463910204090176e-08;0.0013717055445963133;0.028093708949718202;0.0;-0.007857518891907072
fft_1233;1.5677217077059913e-08;0.0;0.045897973304739347;0.0;0.01004313157993154
fft_1241.5;1.6718439831563656e-08;0.0;0.004442061276900531;0.0;0.0031245282406074117
fft_1250;1.4861945439073585e-08;0.0;0.0916885068127496;0.0;0.014194104494369003
fft_1258.5;1.743528155816511e-08;0.0;0.0003206369913290759;0.0;0.0008394618440653197
fft_1267;1.6284527743410984e-08;0.0;0.0004356789364878817;0.0;0.00097853727945022
fft_1275.5;1.9605782766962013e-08;0.0349902615994262;0.05131579189138911;0.0;-0.010619286316166054
fft_1284;1.6035434984189876e-08;0.0;0.03297406081866926;0.0;0.008512650101481521
fft_1292.5;1.699313843198628e-08;0.0;0.002557023730246379;0.0;0.002370611902405341
fft_1301;1.445755115436665e-08;0.0;0.12883951683344053;0.0;0.016825088832928454
fft_1309.5;1.5994257288385413e-08;0.0022405894787791425;0.004747217544763959;0.0;0.0032300675376348586
fft_1318;1.4959741825147614e-08;0.0;0.006030114463024491;0.0;0.0036404427176073536
fft_1326.5;1.7916153165869412e-08;0.0;0.06798815598939348;0.0;-0.012223019034062511
fft_1335;1.6387488309775744e-08;0.0;0.006706704303347898;0.0;-0.003839243700683023
fft_1343.5;1.715331357868986e-08;0.0;0.012015802866836836;0.0;-0.005138838445227
fft_1352;1.4937530110007154e-08;0.0;0.051198276516513236;0.0;0.010607121404821791
fft_1360.5;1.5373873305627475e-08;0.0;0.03156353988169318;0.0;0.008328601647419264
fft_1369;1.4716811358530584e-08;0.0;0.028554993050750512;0.0;0.007921760419081597
fft_1377.5;1.599913310201017e-08;0.0;0.0008629311075012418;0.0;-0.0013771522383954791
fft_1386;1.5975371590670056e-08;0.0;0.0020670625689638593;0.0;-0.0021314253489999463
fft_1394.5;1.6608348900849838e-08;0.0;0.012001767475258388;0.0;-0.005135836366153908
fft_1403;1.5553906751245394e-08;0.0;0.002647194853650339;0.0;0.0024120482620191264
fft_1411.5;1.5214327351456676e-08;0.0;0.020301833311209327;0.0;0.0066796274647256525
fft_1420;1.484028077154381e-08;0.0;0.020432014879958937;0.0;0.00670100819226969
fft_1428.5;1.5099545325456882e-08;0.0;0.007114226436129208;0.0;0.003954164643368229
fft_1437;1.5539963759790248e-08;0.0;6.450690108041153e-05;0.0;0.00037652807181894017
fft_1445.5;1.6088370374178185e-08;0.0;0.008866396838181472;0.0;-0.004414318377495394
fft_1454;1.6088370374178185e-08;0.0;0.008866396838181472;0.0;-0.004414318377495394
fft_1462.5;1.5539963759790265e-08;0.0;6.450690108125574e-05;0.0;0.0003765280718214117
fft_1471;1.5099545325456935e-08;0.0;0.007114226436138837;0.0;0.003954164643370946
fft_1479.5;1.4840280771543774e-08;0.0;0.020432014879978058;0.0;0.00670100819227292
fft_1488;1.521432735145669e-08;0.0;0.02030183331121554;0.0;0.006679627464726673
fft_1496.5;1.555390675124541e-08;0.0;0.0026471948536419473;0.0;0.002412048262015248
fft_1505;1.6608348900849838e-08;0.0;0.012001767475258388;0.0;-0.005135836366153908
fft_1513.5;1.5975371590669934e-08;0.0;0.002067062568973814;0.0;-0.0021314253490050017
fft_1522;1.5999133102010113e-08;0.0;0.0008629311074964313;0.0;-0.0013771522383916246
fft_1530.5;1.4716811358530618e-08;0.0;0.028554993050756358;0.0;0.0079217604190823
fft_1539;1.537387330562744e-08;0.0;0.03156353988167185;0.0;0.008328601647416427
fft_1547.5;1.4937530110007154e-08;0.0;0.051198276516513236;0.0;0.010607121404821791
fft_1556;1.7153313578689868e-08;0.0;0.0120158028668406;0.0;-0.0051388384452278005
fft_1564.5;1.6387488309775784e-08;0.0;0.006706704303353776;0.0;-0.0038392437006846865
fft_1573;1.791615316586949e-08;0.0;0.06798815598937212;0.0;-0.012223019034060397
fft_1581.5;1.4959741825147455e-08;0.0;0.00603011446302362;0.0;0.0036404427176070326
fft_1590;1.5994257288385327e-08;0.0022405894787791425;0.004747217544761364;0.0;0.0032300675376339604
fft_1598.5;1.4457551154366698e-08;0.0;0.12883951683349293;0.0;0.01682508883293204
fft_1607;1.6993138431986244e-08;0.0;0.0025570237302397466;0.0;0.002370611902402263
fft_1615.5;1.6035434984189876e-08;0.0;0.03297406081866926;0.0;0.008512650101481521
fft_1624;1.9605782766962248e-08;0.0349902615994262;0.05131579189137903;0.0;-0.010619286316165075
fft_1632.5;1.6284527743410994e-08;0.0;0.0004356789364888846;0.0;0.0009785372794513675
fft_1641;1.7435281558165034e-08;0.0;0.0003206369913308748;0.0;0.000839461844067694
fft_1649.5;1.4861945439073564e-08;0.0;0.09168850681275542;0.0;0.01419410449436934
fft_1658;1.6718439831563626e-08;0.0;0.0044420612768956685;0.0;0.0031245282406056857
fft_1666.5;1.5677217077059827e-08;0.0;0.045897973304725476;0.0;0.010043131579930094
fft_1675;1.946391020409017e-08;0.0013717055445963133;0.02809370894972604;0.0;-0.007857518891908158
fft_1683.5;1.8706699302485607e-08;0.0;0.06317113792922935;0.0;-0.011782121734091388
fft_1692;2.024009763260657e-08;0.02671303672002523;0.017757952816561014;0.0;-0.006247154917789903
fft_1700.5;1.7556047655962015e-08;0.0;0.029554072861886098;0.0;0.008059143102150591
fft_1709;1.711864080574768e-08;0.0;0.07833891427184102;0.0;0.013120358202819947
fft_1717.5;1.6271244026851668e-08;0.0;0.07779392197712401;0.0;0.01307464817960168
fft_1726;1.7603560546541414e-08;0.0;0.03499989915428805;0.0;0.008770230248608206
fft_1734.5;1.9571718118474837e-08;0.0;0.08412327029543187;0.0;-0.013596033675796674
fft_1743;2.1946807740726894e-08;0.0;0.1400320656710264;0.0;-0.01754047014496696
fft_1751.5;2.2341461154316237e-08;0.0;0.09611893241454275;0.0;-0.014532920683903827
fft_1760;1.9038858272746366e-08;0.0;0.04540159958211395;0.0;0.009988682573036404
fft_1768.5;1.8083094182202373e-08;0.0;0.07575070018818372;0.0;0.012901834857829758
fft_1777;1.682683633093295e-08;0.0;0.2629848780709234;0.0;0.024034451626856194
fft_1785.5;2.030631254266829e-08;0.0;0.005898502078672708;0.0;0.0036004961846730797
fft_1794;1.9878046473794674e-08;0.0;4.608839096213898e-06;0.0;0.00010064450602133934
fft_1802.5;2.6705391857967364e-08;0.03180137428504004;0.3066642650601051;0.0;-0.025952522857817514
fft_1811;2.4252334255260977e-08;0.0;0.0646785804342668;0.0;-0.011921850622794102
fft_1819.5;2.539826036538442e-08;0.0;0.00860151509466292;0.0;-0.004347881255141676
fft_1828;1.8510960147520674e-08;0.0;0.07024118786488262;0.0;0.012423864484194157
fft_1836.5;2.2525949184079986e-08;0.0;0.0019353241197915495;0.0;-0.002062387333189048
fft_1845;1.987650748423861e-08;0.0;0.18067696303631176;0.0;0.01992321778244214
fft_1853.5;2.6435165601492662e-08;0.06773535857941182;0.05607670723826081;0.0;-0.011100915405034856
fft_1862;2.5185041782451476e-08;0.00019562310550957918;0.18296483639807973;0.0;-0.020048912280747847
fft_1870.5;3.488284686081934e-08;0.0;0.23420543056155255;0.0;-0.02268198386256711
fft_1879;2.30618407189065e-08;0.0;5.032822089453941e-07;0.0;3.325830337934284e-05
fft_1887.5;2.4885098864251895e-08;0.0;0.03234868344924372;0.0;-0.008431545131102067
fft_1896;2.3973904345661933e-08;0.0;0.17980129410426338;0.0;0.019874898327770847
fft_1904.5;2.3017720567521364e-08;0.0;0.228908495508449;0.0;0.022424152528442463
fft_1913;2.2454910568771734e-08;0.0;0.21995415883790106;0.0;0.021981404774337097
fft_1921.5;3.406001384591625e-08;0.0;0.1145598304654817;0.0;-0.015865574998799904
fft_1930;3.050666502967516e-08;0.010889005608847757;0.046468433992056864;0.0;-0.010105344982029179
fft_1938.5;3.3407186051228866e-08;0.03169337574430786;0.054175750850320926;0.0;-0.010911159832237305
fft_1947;3.198698272199051e-08;0.0;0.004324992461401018;0.0;-0.0030830808591239506
fft_1955.5;2.7746117430020836e-08;0.0;0.0038521681463792833;0.0;-0.00290967900991332
fft_1964;2.8585594008246496e-08;0.0;0.14487904599691276;0.0;0.0178413600815441
fft_1972.5;3.1361959206146495e-08;0.0;0.004309468410573038;0.0;0.0030775427597871195
fft_1981;3.5989772283434476e-08;0.007766768889984288;0.2850607391283327;0.0;-0.025022287136677306
fft_1989.5;4.346881498675791e-08;0.0;0.3548476805052694;0.0;-0.027915538064667997
fft_1998;4.7921197812226546e-08;0.012277798541462381;0.03120958877801363;0.0;-0.008281775063359632
fft_2006.5;3.783778384017415e-08;0.0;3.321489195577668e-05;0.0;-0.0002701846724214791
fft_2015;3.2073962243459465e-08;0.0;0.0007659047177224058;0.0;0.0012974221511897815
fft_2023.5;3.288381103910187e-08;0.0;0.6489439007785502;0.0;0.03773882667102516
fft_2032;3.138855634062435e-08;0.0;0.1432393926283479;0.0;0.017740145901834915
fft_2040.5;3.483000999534783e-08;0.0;0.5301476419006439;0.0;-0.034114566324217076
fft_2049;4.910205247395926e-08;0.0;0.8922537333340046;0.0;-0.04423979240811042
fft_2057.5;6.040339110739231e-08;0.03712130097216715;0.04827783135570401;0.0;-0.010300187704883145
fft_2066;5.649608598411982e-08;0.033725288565731315;0.25130451694965456;0.0;-0.023494951230225887
fft_2074.5;4.1195078678211027e-08;0.0;0.1265553446512304;0.0;0.01667531925511484
fft_2083;4.135358147365669e-08;0.0;0.9374502350471411;0.0;0.04534417222174326
fft_2091.5;3.8034822615056476e-08;0.0;1.8324562083331213;0.0;0.06333420547684916
fft_2100;4.498251215334848e-08;0.0;0.12078917886504811;0.0;-0.016291110053636315
fft_2108.5;7.579403275801437e-08;0.032446739738113184;0.1396315263110872;0.0;-0.01751537403105174
fft_2117;9.465918738981628e-08;0.0;0.3412020155550968;0.0;-0.027373940513597476
fft_2125.5;6.722339277721569e-08;0.004886642456336965;0.14070797304158789;0.0;-0.017582738337881865
fft_2134;6.904036852189195e-08;0.0;1.0301906903538753;0.0;-0.04752936507728522
fft_2142.5;4.733358916587458e-08;0.0;0.1303589659374435;0.0;0.0169239818380608
fft_2151;5.198371412766779e-08;0.0;0.016626331935758985;0.0;0.006044836941182102
fft_2159.5;6.324022516614544e-08;0.012490704997754065;0.2703918116985287;0.0;-0.024370366711265565
fft_2168;1.1679673722999832e-07;0.0;1.0431181249036943;0.0;-0.0478259706068196
fft_2176.5;9.554057192408037e-08;0.0;0.10027584108049356;0.0;0.01484378335942462
fft_2185;1.1205363252081317e-07;0.0;0.07830433915876191;0.0;-0.01311746302700955
fft_2193.5;5.977003966169013e-08;0.0;0.3140537849467467;0.0;-0.02626313028874958
fft_2202;7.497522633674001e-08;0.0;0.0001096934437754995;0.0;0.0004910034966185944
fft_2210.5;5.691228020116753e-08;0.0019997871023833547;0.8213455267798205;0.0;0.04244881966527047
fft_2219;1.040496447431189e-07;0.022625615417934952;0.7870564909841609;0.0;-0.041554872923052676
fft_2227.5;8.635774660654374e-08;0.0;1.0307534322462413;0.0;-0.047542315434444406
fft_2236;1.358085133614939e-07;0.0;0.032122319384086905;0.0;-0.008401995021655388
fft_2244.5;1.013946392221643e-07;0.0;0.07745081638452307;0.0;-0.013045788746506585
fft_2253;1.2295619464981088e-07;0.010049582169573856;2.0632578324069364;0.0;-0.06718751766609314
fft_2261.5;1.0153914391420836e-07;0.0;0.006090784639691119;0.0;0.0036587102475802787
fft_2270;1.473576308993904e-07;0.0;1.5936843877294722;0.0;0.05907941809613788
fft_2278.5;1.0962472445365072e-07;0.0;0.6382112095119385;0.0;0.03742589069161758
fft_2287;1.7206099221427598e-07;0.0;0.09398403838350869;0.0;0.014370653032717522
fft_2295.5;1.9331982687737368e-07;0.0;0.6575685242950648;0.0;0.03798841853714561
fft_2304;2.346390240086142e-07;0.011601424172452912;0.07806935222961858;0.0;0.013097769234653726
fft_2312.5;3.07619896936825e-07;0.0;1.4433460951653998;0.0;-0.056233070837473496
fft_2321;2.1474889570492753e-07;0.0;0.005300078224541791;0.0;-0.0034129734666280324
fft_2329.5;2.2932647187610257e-07;0.029110920937117424;4.123676228616698;0.0;0.09477143028534889
fft_2338;1.7378352962705156e-07;0.04103692104185397;2.7653934795705606;0.0;0.0777243302706621
fft_2346.5;4.0006813642008014e-07;0.0;0.0021386960734016587;0.0;-0.0021680426279499627
fft_2355;4.950393760979801e-07;0.0;0.6442072253852846;0.0;0.03760104103495951
fft_2363.5;5.396517867600588e-07;0.010333820153378248;0.2179255439907278;0.0;0.021879852589150265
fft_2372;5.483101454574263e-07;0.03511292450517978;0.11638028296522514;0.0;-0.015991104857787115
fft_2380.5;8.923862737351336e-07;0.0756152509022252;0.20850356072847565;0.0;-0.021401861777012945
fft_2389;5.018615138678648e-07;0.07369701428556352;0.008397196634729945;0.0;-0.004295932567502846
fft_2397.5;5.919116894195674e-07;0.008377145666750074;0.006873300730838686;0.0;0.0038866344386759
fft_2406;7.825177923108882e-07;0.05783121372486688;2.113048371862917;0.0;-0.06798966640259414
fft_2414.5;1.3739094801745925e-06;0.0;4.386632191074118;0.0;-0.09771841947888779
fft_2423;1.1164743856090819e-06;0.007631513526650924;5.060459323756267;0.0;-0.10487875295903074
fft_2431.5;1.8941076100567301e-06;0.011020732244841014;14.88335614640929;0.0;-0.17797352654575663
fft_2440;2.7957690854023694e-06;0.0;9.93880898758069;0.0;-0.14620737256258903
fft_2448.5;3.351515907270506e-06;0.05241780771528948;15.604222939435186;0.0;-0.1820929632083883
fft_2457;4.3435476039955144e-06;0.008148885553597385;15.920592817680562;0.0;-0.18386784097325035
fft_2465.5;9.564877729832137e-06;0.07988322454892627;30.792425945554324;0.0;-0.2517657119674122
fft_2474;2.728306413673527e-05;0.00689793056822019;6.059080775488724;0.0;-0.11463707096463414
fft_2482.5;8.010826777027336e-05;0.0;0.542849625020049;0.0;-0.034520347110140376
fft_2491;0.00032882680044281235;0.0;0.006277834090527709;0.0;0.0037144645906159583
